YEAR,COUNTRY_CD,COUNTRY,Omani_Export
1998,4,Afghanistan , -   
1998,8,Albania , -   
1998,12,Algeria ," 1,203 "
1998,24,Angola ," 446,088 "
1998,31,Azerbaijan ," 315,861 "
1998,32,Argentina , -   
1998,36,Australia ," 9,975 "
1998,40,Austria ," 2,133 "
1998,48,Bahrain ," 2,986,667 "
1998,50,Bangladesh ," 34,043 "
1998,51,Armenia , -   
1998,56,Belgium ," 224,886 "
1998,68,Bolivia , -   
1998,70,Bosnia And Herzegovina, -   
1998,76,Brazil , 15 
1998,96,Brunei Darussalam," 13,468 "
1998,100,Bulgaria , -   
1998,104,Myanmar, -   
1998,108,Burundi , -   
1998,120,Cameroon , -   
1998,124,Canada ," 52,134 "
1998,140,Central African Republic, -   
1998,144,Sri Lanka ," 376,900 "
1998,148,Chad , -   
1998,152,Chile ," 34,304 "
1998,156,China ," 157,384 "
1998,170,Colombia , -   
1998,174,Comoros, -   
1998,178,Congo , -   
1998,180,Democratic Congo, -   
1998,188,Costa Rica , -   
1998,191,Croatia , 275 
1998,192,Cuba ," 8,932 "
1998,196,Cyprus ," 90,241 "
1998,200,Czech Republic, -   
1998,204,Benin , -   
1998,208,Denmark ," 32,606 "
1998,212,Dominica , -   
1998,218,Ecuador , -   
1998,230,Ethiopia ," 74,315 "
1998,233,Estonia, -   
1998,246,Finland , 35 
1998,250,France ," 1,481,358 "
1998,258,French Polynesia, -   
1998,262,Djibouti ," 51,956 "
1998,266,Gabon , -   
1998,270,Gambia ," 2,502 "
1998,280,Germany ," 702,943 "
1998,288,Ghana ," 13,345 "
1998,300,Greece ," 434,550 "
1998,308,Grenada , -   
1998,320,Guatemala , -   
1998,324,Guinea ," 60,136 "
1998,328,Guyana , -   
1998,332,Haiti , -   
1998,340,Honduras , -   
1998,344,Hong Kong ," 817,831 "
1998,348,Hungary, -   
1998,356,India ," 13,305,798 "
1998,360,Indonesia ," 33,155 "
1998,364,Iran ," 542,418 "
1998,368,Iraq ," 1,161,211 "
1998,372,Ireland ," 24,783 "
1998,380,Italy ," 174,795 "
1998,384,Ivory Coast, -   
1998,388,Jamaica , -   
1998,392,Japan ," 4,464,139 "
1998,398,Kazakhstan , -   
1998,400,Jordan ," 1,593,703 "
1998,404,Kenya ," 331,097 "
1998,408,North Korea, -   
1998,410,South Korea," 4,338,927 "
1998,414,Kuwait ," 5,057,452 "
1998,417,Kyrgyzstan, -   
1998,422,Lebanon ," 734,160 "
1998,430,Liberia ," 5,298 "
1998,434,Libya ," 51,516 "
1998,440,Lithuania , -   
1998,442,Luxembourg , -   
1998,446,Macao , -   
1998,450,Madagascar , -   
1998,454,Malawi , -   
1998,458,Malaysia ," 86,101 "
1998,466,Mali , 220 
1998,470,Malta ," 153,988 "
1998,478,Mauritania , -   
1998,480,Mauritius ," 25,452 "
1998,484,Mexico , -   
1998,492,Monaco , -   
1998,504,Morocco ," 9,313 "
1998,508,Mozambique ," 11,708 "
1998,516,Namibia, -   
1998,520,Nauru ," 12,825 "
1998,524,Nepal , -   
1998,528,Netherlands ," 1,187,335 "
1998,554,New Zealand , 385 
1998,558,Nicaragua , -   
1998,562,Niger ," 28,440 "
1998,566,Nigeria ," 514,914 "
1998,578,Norway , 812 
1998,586,Pakistan ," 941,097 "
1998,598,Papua New Guinea, -   
1998,600,Paraguay , -   
1998,604,Peru , -   
1998,608,Philippines , 505 
1998,616,Poland ," 5,000 "
1998,620,Portugal ," 111,999 "
1998,634,Qatar ," 4,795,065 "
1998,642,Romania ," 13,200 "
1998,643,Russia ," 8,449 "
1998,646,Rwanda , -   
1998,682,Saudi Arabia," 26,838,112 "
1998,686,Senegal ," 142,338 "
1998,690,Seychelles, -   
1998,694,Sierra Leone ," 19,396 "
1998,702,Singapore ," 399,794 "
1998,703,Slovakia , -   
1998,704,Vietnam , -   
1998,705,Slovania , -   
1998,706,Somalia ," 17,563 "
1998,710,South Africa," 143,155 "
1998,716,Zimbabwe , -   
1998,720,Yemen ," 1,936,698 "
1998,724,Spain ," 428,657 "
1998,736,Sudan ," 243,061 "
1998,748,Swaziland , -   
1998,752,Sweden ," 119,719 "
1998,756,Switzerland ," 90,817 "
1998,760,Syria ," 692,337 "
1998,762,Tajikistan , -   
1998,764,Thailand ," 212,976 "
1998,768,Togo , -   
1998,784,United Arab Emirates," 87,293,192 "
1998,788,Tunisia ," 126,426 "
1998,792,Turkey ," 12,815 "
1998,795,Trukmenistan , -   
1998,800,Uganda ," 52,982 "
1998,804,Ukrania , -   
1998,818,Egypt ," 228,875 "
1998,826,United Kingdom," 2,851,163 "
1998,834,Tanzania ," 176,191 "
1998,840,United States," 25,564,074 "
1998,858,Uruguay , -   
1998,860,Uzbakistan, -   
1998,862,Venezuela , -   
1998,890,Jugoslavia , -   
1998,894,Zambia ," 130,214 "
1998,901,Taiwan ," 1,008,234 "
1998,981,Zanzibar ," 2,405,722 "
1998,999,Palestine ," 45,646 "
1999,4,Afghanistan , -   
1999,12,Algeria , -   
1999,24,Angola ," 555,260 "
1999,28,Antigua And Barbuda, -   
1999,31,Azerbaijan ," 9,131 "
1999,32,Argentina , -   
1999,36,Australia ," 136,527 "
1999,40,Austria ," 3,789 "
1999,48,Bahrain ," 2,762,948 "
1999,50,Bangladesh ," 180,749 "
1999,51,Armenia , -   
1999,56,Belgium ," 94,120 "
1999,60,Bermuda, -   
1999,68,Bolivia , -   
1999,76,Brazil ," 12,596 "
1999,96,Brunei Darussalam," 32,340 "
1999,100,Bulgaria , -   
1999,104,Myanmar, -   
1999,108,Burundi , -   
1999,112,Belarus , -   
1999,116,Cambodia , -   
1999,120,Cameroon , -   
1999,124,Canada ," 196,670 "
1999,140,Central African Republic, -   
1999,144,Sri Lanka ," 335,747 "
1999,152,Chile ," 33,587 "
1999,156,China ," 1,111,498 "
1999,170,Colombia , -   
1999,174,Comoros, -   
1999,178,Congo , -   
1999,180,Democratic Congo, -   
1999,188,Costa Rica , -   
1999,191,Croatia , -   
1999,192,Cuba , -   
1999,196,Cyprus ," 59,378 "
1999,200,Czech Republic, -   
1999,208,Denmark ," 31,071 "
1999,212,Dominica ," 19,260 "
1999,222,El Salvador , -   
1999,230,Ethiopia ," 87,468 "
1999,232,Eritrea , -   
1999,233,Estonia, -   
1999,242,Fiji ," 19,102 "
1999,246,Finland , 50 
1999,250,France ," 358,045 "
1999,262,Djibouti ," 56,316 "
1999,268,Georgia , -   
1999,270,Gambia , -   
1999,280,Germany ," 1,231,094 "
1999,288,Ghana ," 57,851 "
1999,300,Greece ," 230,789 "
1999,308,Grenada , -   
1999,320,Guatemala , -   
1999,324,Guinea ," 57,397 "
1999,328,Guyana , -   
1999,340,Honduras , -   
1999,344,Hong Kong ," 1,167,901 "
1999,348,Hungary, -   
1999,352,Iceland ," 15,738 "
1999,356,India ," 6,359,406 "
1999,360,Indonesia ," 151,209 "
1999,364,Iran ," 37,342 "
1999,368,Iraq ," 10,698,076 "
1999,372,Ireland ," 59,522 "
1999,380,Italy ," 63,712 "
1999,384,Ivory Coast, -   
1999,388,Jamaica , -   
1999,392,Japan ," 2,158,970 "
1999,398,Kazakhstan , -   
1999,400,Jordan ," 6,690,969 "
1999,404,Kenya ," 261,626 "
1999,408,North Korea, -   
1999,410,South Korea," 2,463,845 "
1999,414,Kuwait ," 6,087,259 "
1999,417,Kyrgyzstan, -   
1999,422,Lebanon ," 693,166 "
1999,428,Latvia , -   
1999,430,Liberia ," 43,589 "
1999,434,Libya ," 50,134 "
1999,440,Lithuania , -   
1999,442,Luxembourg , -   
1999,450,Madagascar , -   
1999,454,Malawi ," 10,125 "
1999,458,Malaysia ," 448,878 "
1999,466,Mali , -   
1999,470,Malta ," 26,696 "
1999,478,Mauritania ," 33,738 "
1999,480,Mauritius ," 126,390 "
1999,484,Mexico , -   
1999,504,Morocco ," 4,121 "
1999,508,Mozambique , -   
1999,520,Nauru , -   
1999,524,Nepal , -   
1999,528,Netherlands ," 386,003 "
1999,532,Netherlande Antilles , -   
1999,554,New Zealand , 100 
1999,558,Nicaragua ," 50,366 "
1999,562,Niger , -   
1999,566,Nigeria ," 627,927 "
1999,578,Norway , 192 
1999,586,Pakistan ," 1,360,359 "
1999,598,Papua New Guinea, -   
1999,604,Peru , -   
1999,608,Philippines ," 13,197 "
1999,616,Poland ," 8,627 "
1999,620,Portugal , -   
1999,630,Puerto Rico ," 32,708 "
1999,634,Qatar ," 3,673,885 "
1999,642,Romania ," 18,192 "
1999,643,Russia ," 13,247 "
1999,646,Rwanda , -   
1999,682,Saudi Arabia," 26,023,665 "
1999,686,Senegal ," 95,480 "
1999,690,Seychelles, 180 
1999,694,Sierra Leone ," 96,556 "
1999,702,Singapore ," 549,337 "
1999,703,Slovakia , -   
1999,704,Vietnam , -   
1999,705,Slovania ," 58,834 "
1999,706,Somalia , -   
1999,710,South Africa," 67,763 "
1999,716,Zimbabwe , -   
1999,720,Yemen ," 927,725 "
1999,724,Spain ," 206,406 "
1999,736,Sudan ," 1,207,954 "
1999,748,Swaziland , -   
1999,752,Sweden ," 77,259 "
1999,756,Switzerland ," 397,669 "
1999,760,Syria ," 1,221,551 "
1999,762,Tajikistan , -   
1999,764,Thailand ," 814,965 "
1999,768,Togo , 462 
1999,776,Tonga , -   
1999,784,United Arab Emirates," 81,946,249 "
1999,788,Tunisia ," 244,724 "
1999,792,Turkey , -   
1999,795,Trukmenistan , -   
1999,800,Uganda ," 12,256 "
1999,804,Ukrania , -   
1999,818,Egypt ," 363,470 "
1999,826,United Kingdom," 2,901,348 "
1999,834,Tanzania ," 1,814,989 "
1999,840,United States," 26,431,258 "
1999,854,Burkina Faso, -   
1999,860,Uzbakistan, -   
1999,862,Venezuela , -   
1999,876,Wallis And Futuna, -   
1999,890,Jugoslavia ," 86,552 "
1999,894,Zambia ," 4,707 "
1999,901,Taiwan ," 3,873,503 "
1999,981,Zanzibar ," 304,170 "
1999,983,Guader , -   
1999,999,Palestine ," 173,638 "
2000,4,Afghanistan , -   
2000,12,Algeria , -   
2000,24,Angola ," 623,350 "
2000,31,Azerbaijan ," 75,024 "
2000,32,Argentina , -   
2000,36,Australia ," 2,271,977 "
2000,40,Austria , 197 
2000,44,Bahamas, -   
2000,48,Bahrain ," 3,529,137 "
2000,50,Bangladesh ," 166,813 "
2000,51,Armenia , -   
2000,56,Belgium ," 1,055,579 "
2000,60,Bermuda, -   
2000,76,Brazil , 100 
2000,96,Brunei Darussalam, 500 
2000,100,Bulgaria ," 7,813 "
2000,104,Myanmar, -   
2000,108,Burundi ," 16,179 "
2000,116,Cambodia , -   
2000,120,Cameroon ," 1,765 "
2000,124,Canada ," 768,980 "
2000,140,Central African Republic," 28,675 "
2000,144,Sri Lanka ," 597,646 "
2000,148,Chad , -   
2000,152,Chile ," 68,215 "
2000,156,China ," 379,313 "
2000,170,Colombia , -   
2000,174,Comoros," 67,423 "
2000,178,Congo ," 8,085 "
2000,180,Democratic Congo," 3,115 "
2000,188,Costa Rica , -   
2000,191,Croatia , -   
2000,196,Cyprus ," 120,333 "
2000,200,Czech Republic, -   
2000,208,Denmark ," 31,955 "
2000,212,Dominica , -   
2000,218,Ecuador , -   
2000,230,Ethiopia ," 143,977 "
2000,232,Eritrea ," 24,821 "
2000,233,Estonia, -   
2000,242,Fiji ," 3,327 "
2000,246,Finland , -   
2000,250,France ," 1,097,849 "
2000,262,Djibouti ," 336,637 "
2000,266,Gabon , -   
2000,268,Georgia , -   
2000,270,Gambia ," 9,928 "
2000,280,Germany ," 1,234,049 "
2000,288,Ghana , -   
2000,300,Greece ," 669,393 "
2000,320,Guatemala , 18 
2000,324,Guinea ," 94,258 "
2000,328,Guyana ," 11,857 "
2000,340,Honduras ," 36,884 "
2000,344,Hong Kong ," 1,675,144 "
2000,348,Hungary, -   
2000,352,Iceland , -   
2000,356,India ," 2,777,889 "
2000,360,Indonesia ," 1,796,256 "
2000,364,Iran ," 511,571 "
2000,368,Iraq ," 6,542,067 "
2000,372,Ireland ," 84,795 "
2000,380,Italy ," 681,098 "
2000,384,Ivory Coast, -   
2000,392,Japan ," 2,576,860 "
2000,398,Kazakhstan , -   
2000,400,Jordan ," 7,828,977 "
2000,404,Kenya ," 261,073 "
2000,408,North Korea, -   
2000,410,South Korea," 2,975,831 "
2000,414,Kuwait ," 9,904,507 "
2000,417,Kyrgyzstan, -   
2000,422,Lebanon ," 1,063,243 "
2000,430,Liberia ," 125,214 "
2000,434,Libya ," 275,533 "
2000,440,Lithuania , -   
2000,442,Luxembourg , -   
2000,446,Macao , -   
2000,450,Madagascar , -   
2000,458,Malaysia ," 1,989,532 "
2000,462,Maldives , -   
2000,466,Mali , -   
2000,470,Malta , -   
2000,478,Mauritania ," 56,870 "
2000,480,Mauritius ," 206,772 "
2000,484,Mexico ," 39,011 "
2000,504,Morocco ," 39,692 "
2000,508,Mozambique ," 3,619 "
2000,524,Nepal ," 6,945 "
2000,528,Netherlands ," 713,237 "
2000,554,New Zealand ," 91,418 "
2000,558,Nicaragua , -   
2000,562,Niger , -   
2000,566,Nigeria ," 871,183 "
2000,578,Norway , 233 
2000,586,Pakistan ," 1,681,039 "
2000,604,Peru , -   
2000,608,Philippines ," 144,878 "
2000,616,Poland ," 1,752 "
2000,620,Portugal ," 69,729 "
2000,630,Puerto Rico , -   
2000,634,Qatar ," 4,397,310 "
2000,642,Romania , -   
2000,643,Russia ," 1,849 "
2000,646,Rwanda ," 21,626 "
2000,682,Saudi Arabia," 32,452,758 "
2000,686,Senegal ," 142,460 "
2000,690,Seychelles, -   
2000,694,Sierra Leone ," 108,320 "
2000,702,Singapore ," 447,936 "
2000,703,Slovakia , -   
2000,704,Vietnam ," 1,248 "
2000,705,Slovania ," 19,414 "
2000,706,Somalia ," 4,097,382 "
2000,710,South Africa," 262,283 "
2000,716,Zimbabwe , -   
2000,720,Yemen ," 9,667,123 "
2000,724,Spain ," 384,666 "
2000,736,Sudan ," 1,567,270 "
2000,740,Suriname," 17,190 "
2000,748,Swaziland , -   
2000,752,Sweden ," 53,441 "
2000,756,Switzerland ," 235,286 "
2000,760,Syria ," 1,594,224 "
2000,762,Tajikistan ," 38,507 "
2000,764,Thailand ," 764,251 "
2000,768,Togo ," 15,827 "
2000,776,Tonga , -   
2000,784,United Arab Emirates," 84,243,139 "
2000,788,Tunisia ," 294,259 "
2000,792,Turkey ," 29,318 "
2000,795,Trukmenistan , -   
2000,800,Uganda ," 31,078 "
2000,804,Ukrania , -   
2000,818,Egypt ," 797,636 "
2000,826,United Kingdom," 4,150,013 "
2000,834,Tanzania ," 2,240,498 "
2000,840,United States," 35,555,833 "
2000,854,Burkina Faso," 20,000 "
2000,858,Uruguay , -   
2000,860,Uzbakistan, -   
2000,862,Venezuela ," 16,354 "
2000,890,Jugoslavia ," 116,063 "
2000,894,Zambia , -   
2000,901,Taiwan ," 4,212,364 "
2000,981,Zanzibar ," 1,095,435 "
2000,999,Palestine ," 189,597 "
2001,4,Afghanistan , -   
2001,12,Algeria ," 163,029 "
2001,24,Angola ," 801,669 "
2001,31,Azerbaijan ," 48,672 "
2001,32,Argentina ," 11,646 "
2001,36,Australia ," 252,671 "
2001,40,Austria ," 9,637 "
2001,44,Bahamas, -   
2001,48,Bahrain ," 4,706,556 "
2001,50,Bangladesh ," 131,767 "
2001,51,Armenia ," 11,463 "
2001,56,Belgium ," 57,833 "
2001,60,Bermuda, -   
2001,68,Bolivia , -   
2001,70,Bosnia And Herzegovina, -   
2001,72,Botswana , -   
2001,76,Brazil ," 6,400 "
2001,84,Belize , -   
2001,90,Solomon Islands," 11,550 "
2001,96,Brunei Darussalam," 3,929 "
2001,100,Bulgaria ," 14,022 "
2001,104,Myanmar, -   
2001,108,Burundi , -   
2001,116,Cambodia , -   
2001,120,Cameroon , -   
2001,124,Canada ," 316,252 "
2001,136,Cayman Islands, -   
2001,144,Sri Lanka ," 1,504,166 "
2001,148,Chad , -   
2001,152,Chile ," 74,326 "
2001,156,China ," 1,612,347 "
2001,162,Christmas Island, -   
2001,170,Colombia , -   
2001,174,Comoros, -   
2001,178,Congo , -   
2001,188,Costa Rica , -   
2001,191,Croatia , -   
2001,192,Cuba ," 9,526 "
2001,196,Cyprus ," 388,558 "
2001,200,Czech Republic, -   
2001,204,Benin , -   
2001,208,Denmark ," 40,556 "
2001,212,Dominica , -   
2001,218,Ecuador , -   
2001,230,Ethiopia ," 515,626 "
2001,232,Eritrea ," 209,998 "
2001,233,Estonia, -   
2001,242,Fiji ," 19,990 "
2001,246,Finland ," 7,180 "
2001,250,France ," 1,027,633 "
2001,262,Djibouti ," 461,149 "
2001,266,Gabon , -   
2001,268,Georgia , -   
2001,280,Germany ," 570,104 "
2001,288,Ghana ," 8,710 "
2001,300,Greece ," 1,112,434 "
2001,320,Guatemala , -   
2001,324,Guinea ," 1,272 "
2001,328,Guyana ," 11,512 "
2001,336,Vatican City, -   
2001,340,Honduras , -   
2001,344,Hong Kong ," 1,878,753 "
2001,348,Hungary, -   
2001,352,Iceland , -   
2001,356,India ," 3,597,490 "
2001,360,Indonesia ," 528,154 "
2001,364,Iran ," 893,386 "
2001,368,Iraq ," 5,657,967 "
2001,372,Ireland ," 100,264 "
2001,380,Italy ," 2,100,278 "
2001,384,Ivory Coast, -   
2001,392,Japan ," 2,705,436 "
2001,396,Johnston Island, -   
2001,398,Kazakhstan ," 181,368 "
2001,400,Jordan ," 7,820,668 "
2001,404,Kenya ," 640,388 "
2001,408,North Korea, -   
2001,410,South Korea," 1,604,300 "
2001,414,Kuwait ," 8,261,579 "
2001,417,Kyrgyzstan, -   
2001,422,Lebanon ," 1,638,861 "
2001,430,Liberia ," 141,961 "
2001,434,Libya ," 160,429 "
2001,438,Liechtenstein, -   
2001,442,Luxembourg , -   
2001,446,Macao , -   
2001,450,Madagascar ," 6,473 "
2001,454,Malawi , -   
2001,458,Malaysia ," 170,924 "
2001,462,Maldives ," 6,780 "
2001,466,Mali ," 11,050 "
2001,470,Malta ," 19,164 "
2001,478,Mauritania ," 235,338 "
2001,480,Mauritius ," 123,928 "
2001,484,Mexico ," 2,856 "
2001,488,Midway Island, -   
2001,498,Moldova, -   
2001,504,Morocco ," 64,195 "
2001,508,Mozambique ," 28,886 "
2001,524,Nepal ," 9,612 "
2001,528,Netherlands ," 1,657,444 "
2001,554,New Zealand ," 168,796 "
2001,558,Nicaragua , -   
2001,562,Niger , -   
2001,566,Nigeria ," 681,033 "
2001,578,Norway ," 14,589 "
2001,582,Pacific Islands American, -   
2001,586,Pakistan ," 1,631,021 "
2001,590,Panama , -   
2001,600,Paraguay , -   
2001,604,Peru , -   
2001,608,Philippines ," 27,704 "
2001,616,Poland ," 10,682 "
2001,620,Portugal ," 144,969 "
2001,634,Qatar ," 4,973,647 "
2001,638,Reunion, -   
2001,642,Romania ," 1,405,177 "
2001,643,Russia ," 60,092 "
2001,646,Rwanda ," 11,803 "
2001,674,San Marino, -   
2001,682,Saudi Arabia," 40,708,748 "
2001,686,Senegal ," 301,484 "
2001,694,Sierra Leone ," 339,506 "
2001,702,Singapore ," 1,646,678 "
2001,703,Slovakia , -   
2001,704,Vietnam ," 53,317 "
2001,705,Slovania , -   
2001,706,Somalia ," 3,913,587 "
2001,710,South Africa," 585,621 "
2001,716,Zimbabwe , -   
2001,720,Yemen ," 12,664,763 "
2001,724,Spain ," 854,902 "
2001,736,Sudan ," 3,989,262 "
2001,740,Suriname," 6,545 "
2001,748,Swaziland , -   
2001,752,Sweden ," 1,125 "
2001,756,Switzerland ," 129,330 "
2001,760,Syria ," 1,464,432 "
2001,762,Tajikistan , -   
2001,764,Thailand ," 419,468 "
2001,768,Togo ," 37,194 "
2001,776,Tonga , -   
2001,784,United Arab Emirates," 84,662,488 "
2001,788,Tunisia ," 487,372 "
2001,792,Turkey , 52 
2001,795,Trukmenistan , -   
2001,800,Uganda ," 74,678 "
2001,804,Ukrania , -   
2001,818,Egypt ," 1,076,710 "
2001,826,United Kingdom," 4,488,042 "
2001,834,Tanzania ," 2,355,393 "
2001,840,United States," 33,600,767 "
2001,850,United States Virgin Islands, -   
2001,854,Burkina Faso, -   
2001,858,Uruguay , -   
2001,860,Uzbakistan, -   
2001,862,Venezuela ," 25,978 "
2001,890,Jugoslavia , -   
2001,894,Zambia ," 89,681 "
2001,901,Taiwan ," 6,627,616 "
2001,981,Zanzibar ," 1,718,590 "
2001,999,Palestine , -   
2002,4,Afghanistan ," 3,390 "
2002,12,Algeria ," 28,000 "
2002,24,Angola ," 334,994 "
2002,31,Azerbaijan ," 209,887 "
2002,32,Argentina , -   
2002,36,Australia ," 496,720 "
2002,40,Austria ," 4,581 "
2002,48,Bahrain ," 6,002,790 "
2002,50,Bangladesh ," 167,347 "
2002,51,Armenia , -   
2002,56,Belgium ," 156,090 "
2002,68,Bolivia , -   
2002,70,Bosnia And Herzegovina, -   
2002,76,Brazil , -   
2002,84,Belize , -   
2002,96,Brunei Darussalam," 41,936 "
2002,100,Bulgaria ," 6,782 "
2002,104,Myanmar, -   
2002,108,Burundi ," 4,784 "
2002,116,Cambodia , -   
2002,120,Cameroon ," 6,619 "
2002,124,Canada ," 686,889 "
2002,136,Cayman Islands, -   
2002,144,Sri Lanka ," 982,739 "
2002,148,Chad , -   
2002,152,Chile ," 125,075 "
2002,156,China ," 1,471,824 "
2002,170,Colombia , -   
2002,174,Comoros," 2,159 "
2002,178,Congo ," 6,832 "
2002,180,Democratic Congo, -   
2002,188,Costa Rica , -   
2002,191,Croatia ," 10,626 "
2002,192,Cuba ," 3,686 "
2002,196,Cyprus ," 109,204 "
2002,200,Czech Republic, -   
2002,204,Benin , 25 
2002,208,Denmark ," 29,092 "
2002,212,Dominica , -   
2002,218,Ecuador , -   
2002,230,Ethiopia ," 329,930 "
2002,232,Eritrea ," 194,892 "
2002,233,Estonia, -   
2002,242,Fiji ," 31,840 "
2002,246,Finland ," 2,100 "
2002,250,France ," 1,527,173 "
2002,262,Djibouti ," 805,369 "
2002,266,Gabon , -   
2002,268,Georgia ," 1,295 "
2002,280,Germany ," 749,388 "
2002,288,Ghana ," 42,789 "
2002,300,Greece ," 1,314,054 "
2002,320,Guatemala , -   
2002,324,Guinea , -   
2002,328,Guyana , -   
2002,340,Honduras ," 23,408 "
2002,344,Hong Kong ," 3,773,198 "
2002,348,Hungary, -   
2002,352,Iceland , -   
2002,356,India ," 4,732,364 "
2002,360,Indonesia ," 1,350,305 "
2002,364,Iran ," 1,951,013 "
2002,368,Iraq ," 13,108,867 "
2002,372,Ireland ," 192,495 "
2002,380,Italy ," 2,513,808 "
2002,388,Jamaica , -   
2002,392,Japan ," 1,716,232 "
2002,396,Johnston Island, -   
2002,398,Kazakhstan ," 315,063 "
2002,400,Jordan ," 3,776,778 "
2002,404,Kenya ," 590,523 "
2002,408,North Korea, -   
2002,410,South Korea," 8,887,521 "
2002,414,Kuwait ," 7,763,217 "
2002,422,Lebanon ," 729,572 "
2002,428,Latvia , -   
2002,430,Liberia ," 58,975 "
2002,434,Libya ," 751,077 "
2002,440,Lithuania , -   
2002,442,Luxembourg , -   
2002,446,Macao , -   
2002,458,Malaysia ," 506,738 "
2002,462,Maldives ," 29,554 "
2002,466,Mali ," 9,988 "
2002,470,Malta ," 27,136 "
2002,478,Mauritania ," 355,347 "
2002,480,Mauritius ," 40,638 "
2002,484,Mexico , 557 
2002,500,Montserrat , -   
2002,504,Morocco ," 218,066 "
2002,508,Mozambique ," 12,002 "
2002,516,Namibia," 31,377 "
2002,524,Nepal ," 28,826 "
2002,528,Netherlands ," 305,396 "
2002,548,Vanuatu , 80 
2002,554,New Zealand ," 89,918 "
2002,562,Niger ," 14,660 "
2002,566,Nigeria ," 240,527 "
2002,578,Norway ," 5,423 "
2002,582,Pacific Islands American, -   
2002,586,Pakistan ," 4,395,527 "
2002,608,Philippines ," 205,672 "
2002,616,Poland ," 24,787 "
2002,620,Portugal ," 312,833 "
2002,624,Guinea-Bissau, -   
2002,634,Qatar ," 9,788,560 "
2002,642,Romania , -   
2002,643,Russia ," 7,437 "
2002,646,Rwanda ," 34,183 "
2002,682,Saudi Arabia," 31,567,346 "
2002,686,Senegal ," 128,268 "
2002,690,Seychelles," 40,500 "
2002,694,Sierra Leone ," 107,366 "
2002,702,Singapore ," 1,318,383 "
2002,703,Slovakia ," 29,656 "
2002,704,Vietnam ," 14,766 "
2002,705,Slovania , -   
2002,706,Somalia ," 6,159,482 "
2002,710,South Africa," 1,018,253 "
2002,716,Zimbabwe , -   
2002,720,Yemen ," 12,794,998 "
2002,724,Spain ," 1,109,335 "
2002,736,Sudan ," 2,214,784 "
2002,740,Suriname," 4,659 "
2002,752,Sweden ," 62,301 "
2002,756,Switzerland ," 179,690 "
2002,760,Syria ," 2,105,362 "
2002,762,Tajikistan , -   
2002,764,Thailand ," 1,309,314 "
2002,776,Tonga , -   
2002,784,United Arab Emirates," 79,784,303 "
2002,788,Tunisia ," 124,565 "
2002,792,Turkey ," 13,660 "
2002,795,Trukmenistan , -   
2002,800,Uganda ," 1,955 "
2002,804,Ukrania ," 5,504 "
2002,818,Egypt ," 1,101,781 "
2002,826,United Kingdom," 2,845,774 "
2002,834,Tanzania ," 1,761,253 "
2002,840,United States," 28,285,334 "
2002,858,Uruguay , -   
2002,860,Uzbakistan, -   
2002,862,Venezuela ," 93,366 "
2002,894,Zambia ," 7,037 "
2002,901,Taiwan ," 1,781,434 "
2002,981,Zanzibar ," 810,689 "
2002,999,Palestine , -   
2003,4,Afghanistan ," 30,820 "
2003,8,Albania , -   
2003,12,Algeria ," 214,267 "
2003,24,Angola ," 198,237 "
2003,31,Azerbaijan ," 53,117 "
2003,32,Argentina , -   
2003,36,Australia ," 864,281 "
2003,40,Austria ," 17,423 "
2003,48,Bahrain ," 6,930,443 "
2003,50,Bangladesh ," 234,528 "
2003,51,Armenia ," 1,821 "
2003,56,Belgium ," 404,982 "
2003,76,Brazil , 756 
2003,96,Brunei Darussalam," 30,567 "
2003,100,Bulgaria , -   
2003,104,Myanmar," 1,551 "
2003,108,Burundi ," 3,062 "
2003,116,Cambodia , -   
2003,120,Cameroon ," 88,181 "
2003,124,Canada ," 1,183,326 "
2003,140,Central African Republic, -   
2003,144,Sri Lanka ," 1,319,562 "
2003,148,Chad , -   
2003,152,Chile ," 118,646 "
2003,156,China ," 3,767,930 "
2003,170,Colombia , -   
2003,174,Comoros, -   
2003,178,Congo ," 9,602 "
2003,180,Democratic Congo, -   
2003,188,Costa Rica , -   
2003,191,Croatia ," 117,781 "
2003,192,Cuba , -   
2003,196,Cyprus ," 227,051 "
2003,200,Czech Republic," 43,102 "
2003,204,Benin , -   
2003,208,Denmark ," 32,261 "
2003,230,Ethiopia ," 267,639 "
2003,232,Eritrea ," 381,415 "
2003,233,Estonia, -   
2003,238,Falkland Islands, -   
2003,246,Finland ," 32,863 "
2003,250,France ," 2,719,265 "
2003,258,French Polynesia, -   
2003,262,Djibouti ," 1,362,947 "
2003,266,Gabon , -   
2003,268,Georgia ," 7,398 "
2003,270,Gambia , -   
2003,280,Germany ," 1,266,320 "
2003,288,Ghana ," 23,630 "
2003,292,Gibraltar , -   
2003,300,Greece ," 2,162,763 "
2003,320,Guatemala , -   
2003,324,Guinea ," 16,570 "
2003,340,Honduras , -   
2003,344,Hong Kong ," 6,268,084 "
2003,348,Hungary, -   
2003,356,India ," 4,656,203 "
2003,360,Indonesia ," 1,188,953 "
2003,364,Iran ," 2,575,276 "
2003,368,Iraq ," 1,828,630 "
2003,372,Ireland ," 324,561 "
2003,380,Italy ," 2,878,794 "
2003,388,Jamaica , -   
2003,392,Japan ," 2,014,721 "
2003,398,Kazakhstan ," 401,954 "
2003,400,Jordan ," 20,431,091 "
2003,404,Kenya ," 547,429 "
2003,410,South Korea," 5,552,117 "
2003,414,Kuwait ," 13,381,905 "
2003,417,Kyrgyzstan, -   
2003,422,Lebanon ," 1,177,808 "
2003,428,Latvia , -   
2003,430,Liberia ," 215,927 "
2003,434,Libya ," 913,366 "
2003,440,Lithuania , -   
2003,442,Luxembourg , -   
2003,450,Madagascar ," 19,655 "
2003,458,Malaysia ," 364,302 "
2003,462,Maldives ," 17,724 "
2003,466,Mali ," 9,135 "
2003,470,Malta ," 27,452 "
2003,478,Mauritania ," 128,066 "
2003,480,Mauritius ," 66,954 "
2003,484,Mexico ," 1,555 "
2003,488,Midway Island, -   
2003,504,Morocco ," 309,213 "
2003,508,Mozambique ," 17,644 "
2003,524,Nepal ," 29,632 "
2003,528,Netherlands ," 358,685 "
2003,554,New Zealand ," 264,128 "
2003,562,Niger , -   
2003,566,Nigeria ," 938,899 "
2003,578,Norway , -   
2003,586,Pakistan ," 3,683,020 "
2003,608,Philippines ," 749,198 "
2003,616,Poland ," 53,747 "
2003,620,Portugal ," 351,442 "
2003,630,Puerto Rico , -   
2003,634,Qatar ," 8,334,775 "
2003,642,Romania ," 4,314 "
2003,643,Russia ," 74,432 "
2003,646,Rwanda , -   
2003,682,Saudi Arabia," 43,350,537 "
2003,686,Senegal ," 60,998 "
2003,694,Sierra Leone ," 242,529 "
2003,702,Singapore ," 1,923,569 "
2003,703,Slovakia ," 9,238 "
2003,704,Vietnam ," 30,443 "
2003,705,Slovania , -   
2003,706,Somalia ," 6,674,964 "
2003,710,South Africa," 1,420,660 "
2003,716,Zimbabwe ," 83,972 "
2003,720,Yemen ," 12,252,726 "
2003,724,Spain ," 1,574,894 "
2003,736,Sudan ," 2,646,540 "
2003,740,Suriname, -   
2003,752,Sweden ," 221,179 "
2003,756,Switzerland ," 272,402 "
2003,760,Syria ," 2,206,428 "
2003,762,Tajikistan , -   
2003,764,Thailand ," 1,144,141 "
2003,784,United Arab Emirates," 82,932,072 "
2003,788,Tunisia ," 371,439 "
2003,792,Turkey ," 1,576,664 "
2003,795,Trukmenistan ," 1,824 "
2003,800,Uganda ," 5,672 "
2003,804,Ukrania ," 100,000 "
2003,818,Egypt ," 1,610,470 "
2003,826,United Kingdom," 2,414,976 "
2003,834,Tanzania ," 1,654,695 "
2003,840,United States," 29,756,222 "
2003,860,Uzbakistan, -   
2003,862,Venezuela , -   
2003,894,Zambia ," 35,949 "
2003,901,Taiwan ," 4,111,961 "
2003,981,Zanzibar ," 1,143,218 "
2003,999,Palestine , -   
2004,4,Afghanistan ," 115,082 "
2004,8,Albania , -   
2004,12,Algeria ," 487,431 "
2004,24,Angola ," 598,417 "
2004,31,Azerbaijan ," 33,020 "
2004,32,Argentina ," 8,555 "
2004,36,Australia ," 741,567 "
2004,40,Austria ," 4,647 "
2004,48,Bahrain ," 6,825,130 "
2004,50,Bangladesh ," 370,547 "
2004,51,Armenia , -   
2004,56,Belgium ," 1,212,578 "
2004,72,Botswana , -   
2004,76,Brazil , -   
2004,96,Brunei Darussalam," 45,029 "
2004,100,Bulgaria , -   
2004,104,Myanmar, -   
2004,108,Burundi ," 27,342 "
2004,116,Cambodia ," 9,471 "
2004,120,Cameroon ," 36,960 "
2004,124,Canada ," 1,787,868 "
2004,136,Cayman Islands, -   
2004,140,Central African Republic, -   
2004,144,Sri Lanka ," 1,185,308 "
2004,148,Chad ," 38,382 "
2004,152,Chile ," 135,031 "
2004,156,China ," 3,569,121 "
2004,170,Colombia ," 24,048 "
2004,174,Comoros, -   
2004,178,Congo ," 43,932 "
2004,180,Democratic Congo," 3,960 "
2004,188,Costa Rica , -   
2004,191,Croatia ," 58,750 "
2004,192,Cuba , -   
2004,196,Cyprus ," 522,539 "
2004,200,Czech Republic, -   
2004,204,Benin ," 22,210 "
2004,208,Denmark ," 27,420 "
2004,226,Equatorial Guinea," 19,864 "
2004,230,Ethiopia ," 273,656 "
2004,232,Eritrea ," 327,410 "
2004,233,Estonia, -   
2004,246,Finland , -   
2004,250,France ," 2,524,777 "
2004,258,French Polynesia, -   
2004,262,Djibouti ," 2,010,468 "
2004,266,Gabon , -   
2004,268,Georgia ," 53,867 "
2004,270,Gambia ," 8,246 "
2004,280,Germany ," 3,656,465 "
2004,288,Ghana ," 85,624 "
2004,292,Gibraltar , -   
2004,296,Kiribati , -   
2004,300,Greece ," 2,562,616 "
2004,320,Guatemala , -   
2004,324,Guinea ," 4,562 "
2004,328,Guyana ," 6,891 "
2004,344,Hong Kong ," 4,023,296 "
2004,348,Hungary, -   
2004,352,Iceland , -   
2004,356,India ," 8,625,528 "
2004,360,Indonesia ," 334,827 "
2004,364,Iran ," 4,200,324 "
2004,368,Iraq ," 10,753,935 "
2004,372,Ireland ," 343,696 "
2004,380,Italy ," 3,571,372 "
2004,388,Jamaica ," 17,117 "
2004,392,Japan ," 3,521,857 "
2004,398,Kazakhstan ," 420,439 "
2004,400,Jordan ," 26,241,121 "
2004,404,Kenya ," 752,638 "
2004,408,North Korea, -   
2004,410,South Korea," 3,973,670 "
2004,414,Kuwait ," 14,576,566 "
2004,422,Lebanon ," 1,928,031 "
2004,428,Latvia , -   
2004,430,Liberia ," 118,858 "
2004,434,Libya ," 1,484,765 "
2004,440,Lithuania , -   
2004,442,Luxembourg , -   
2004,446,Macao , -   
2004,450,Madagascar ," 75,795 "
2004,458,Malaysia ," 1,055,450 "
2004,462,Maldives ," 6,732 "
2004,466,Mali ," 15,598 "
2004,470,Malta ," 94,230 "
2004,478,Mauritania ," 76,920 "
2004,480,Mauritius ," 400,276 "
2004,484,Mexico , -   
2004,488,Midway Island, -   
2004,492,Monaco , -   
2004,504,Morocco ," 201,626 "
2004,508,Mozambique ," 79,181 "
2004,524,Nepal , -   
2004,528,Netherlands ," 528,641 "
2004,554,New Zealand ," 506,977 "
2004,558,Nicaragua , -   
2004,566,Nigeria ," 431,952 "
2004,578,Norway , -   
2004,582,Pacific Islands American, -   
2004,586,Pakistan ," 10,378,670 "
2004,590,Panama ," 80,461 "
2004,600,Paraguay , -   
2004,608,Philippines ," 258,647 "
2004,616,Poland ," 168,837 "
2004,620,Portugal ," 396,562 "
2004,624,Guinea-Bissau, -   
2004,630,Puerto Rico , -   
2004,634,Qatar ," 14,429,601 "
2004,638,Reunion," 6,561 "
2004,642,Romania ," 48,451 "
2004,643,Russia ," 390,482 "
2004,646,Rwanda , -   
2004,682,Saudi Arabia," 51,471,955 "
2004,686,Senegal ," 143,955 "
2004,690,Seychelles," 10,000 "
2004,694,Sierra Leone ," 146,762 "
2004,702,Singapore ," 1,544,583 "
2004,703,Slovakia ," 6,370 "
2004,704,Vietnam ," 693,854 "
2004,705,Slovania , -   
2004,706,Somalia ," 7,654,278 "
2004,710,South Africa," 2,388,628 "
2004,716,Zimbabwe ," 107,800 "
2004,720,Yemen ," 15,373,421 "
2004,724,Spain ," 1,196,336 "
2004,736,Sudan ," 1,886,941 "
2004,748,Swaziland ," 9,770 "
2004,752,Sweden ," 328,202 "
2004,756,Switzerland ," 102,639 "
2004,760,Syria ," 10,279,428 "
2004,762,Tajikistan , -   
2004,764,Thailand ," 3,818,989 "
2004,776,Tonga , -   
2004,784,United Arab Emirates," 126,744,039 "
2004,788,Tunisia ," 1,872,696 "
2004,792,Turkey ," 223,337 "
2004,795,Trukmenistan , -   
2004,800,Uganda ," 12,951 "
2004,804,Ukrania ," 53,293 "
2004,810,Soviet Union ," 6,600 "
2004,818,Egypt ," 2,684,480 "
2004,826,United Kingdom," 4,128,752 "
2004,834,Tanzania ," 3,538,738 "
2004,840,United States," 32,076,598 "
2004,854,Burkina Faso, -   
2004,860,Uzbakistan," 34,663 "
2004,862,Venezuela , -   
2004,894,Zambia ," 134,574 "
2004,901,Taiwan ," 5,846,415 "
2004,981,Zanzibar ," 1,794,730 "
2004,999,Palestine ," 6,160 "
2005,4,Afghanistan ," 238,104 "
2005,12,Algeria ," 448,875 "
2005,24,Angola ," 466,670 "
2005,31,Azerbaijan ," 5,235 "
2005,32,Argentina ," 5,926 "
2005,36,Australia ," 691,997 "
2005,40,Austria ," 116,048 "
2005,48,Bahrain ," 6,300,859 "
2005,50,Bangladesh ," 315,340 "
2005,51,Armenia ," 16,081 "
2005,56,Belgium ," 965,303 "
2005,60,Bermuda, 200 
2005,70,Bosnia And Herzegovina, -   
2005,72,Botswana , -   
2005,76,Brazil ," 281,112 "
2005,84,Belize , -   
2005,96,Brunei Darussalam," 155,704 "
2005,100,Bulgaria ," 6,525 "
2005,104,Myanmar," 4,284 "
2005,108,Burundi , -   
2005,112,Belarus , -   
2005,116,Cambodia , -   
2005,120,Cameroon ," 58,320 "
2005,124,Canada ," 1,484,321 "
2005,144,Sri Lanka ," 1,656,869 "
2005,148,Chad , 450 
2005,152,Chile , -   
2005,156,China ," 10,841,638 "
2005,174,Comoros, -   
2005,178,Congo ," 159,721 "
2005,180,Democratic Congo, -   
2005,191,Croatia , -   
2005,196,Cyprus ," 354,635 "
2005,200,Czech Republic," 11,530 "
2005,204,Benin ," 11,644 "
2005,208,Denmark ," 36,722 "
2005,218,Ecuador ," 97,020 "
2005,230,Ethiopia ," 301,413 "
2005,232,Eritrea ," 36,984 "
2005,233,Estonia, -   
2005,246,Finland , -   
2005,250,France ," 2,167,870 "
2005,262,Djibouti ," 1,812,087 "
2005,266,Gabon , -   
2005,268,Georgia ," 8,554 "
2005,270,Gambia ," 50,091 "
2005,280,Germany ," 2,801,824 "
2005,288,Ghana ," 110,044 "
2005,300,Greece ," 2,754,511 "
2005,320,Guatemala , -   
2005,324,Guinea ," 72,811 "
2005,328,Guyana , -   
2005,340,Honduras ," 27,164 "
2005,344,Hong Kong ," 4,992,318 "
2005,348,Hungary, -   
2005,356,India ," 70,484,098 "
2005,360,Indonesia ," 183,723 "
2005,364,Iran ," 3,336,156 "
2005,368,Iraq ," 11,978,355 "
2005,372,Ireland ," 671,580 "
2005,380,Italy ," 5,071,686 "
2005,392,Japan ," 2,757,714 "
2005,398,Kazakhstan ," 288,260 "
2005,400,Jordan ," 22,320,984 "
2005,404,Kenya ," 1,138,471 "
2005,410,South Korea," 3,936,735 "
2005,414,Kuwait ," 13,647,307 "
2005,422,Lebanon ," 1,730,355 "
2005,428,Latvia , -   
2005,430,Liberia ," 333,602 "
2005,434,Libya ," 2,509,575 "
2005,440,Lithuania , -   
2005,442,Luxembourg , 20 
2005,450,Madagascar ," 26,483 "
2005,458,Malaysia ," 2,296,104 "
2005,462,Maldives ," 6,310 "
2005,466,Mali ," 15,704 "
2005,470,Malta ," 202,181 "
2005,478,Mauritania ," 41,427 "
2005,480,Mauritius ," 248,967 "
2005,484,Mexico ," 37,764 "
2005,498,Moldova, -   
2005,504,Morocco ," 217,306 "
2005,508,Mozambique ," 21,901 "
2005,524,Nepal ," 6,779 "
2005,528,Netherlands ," 660,877 "
2005,554,New Zealand ," 612,177 "
2005,562,Niger ," 9,240 "
2005,566,Nigeria ," 1,329,040 "
2005,578,Norway ," 4,831 "
2005,586,Pakistan ," 8,360,655 "
2005,600,Paraguay ," 2,878 "
2005,608,Philippines ," 512,107 "
2005,616,Poland ," 143,362 "
2005,620,Portugal ," 480,464 "
2005,630,Puerto Rico ," 6,410 "
2005,634,Qatar ," 21,610,718 "
2005,642,Romania ," 4,989 "
2005,643,Russia ," 333,665 "
2005,646,Rwanda , -   
2005,682,Saudi Arabia," 53,647,931 "
2005,686,Senegal ," 232,566 "
2005,694,Sierra Leone ," 138,531 "
2005,702,Singapore ," 1,516,417 "
2005,703,Slovakia , -   
2005,704,Vietnam ," 525,955 "
2005,705,Slovania , -   
2005,706,Somalia ," 10,532,108 "
2005,710,South Africa," 2,479,880 "
2005,716,Zimbabwe ," 116,621 "
2005,720,Yemen ," 19,492,078 "
2005,724,Spain ," 2,338,433 "
2005,736,Sudan ," 4,497,858 "
2005,752,Sweden ," 454,764 "
2005,756,Switzerland ," 405,851 "
2005,760,Syria ," 3,470,104 "
2005,762,Tajikistan , -   
2005,764,Thailand ," 1,921,066 "
2005,784,United Arab Emirates," 194,049,097 "
2005,788,Tunisia ," 1,429,510 "
2005,792,Turkey ," 877,167 "
2005,795,Trukmenistan , -   
2005,800,Uganda ," 40,293 "
2005,804,Ukrania ," 41,312 "
2005,818,Egypt ," 3,188,303 "
2005,826,United Kingdom," 10,609,074 "
2005,834,Tanzania ," 2,879,880 "
2005,840,United States," 19,113,331 "
2005,860,Uzbakistan, -   
2005,862,Venezuela , -   
2005,894,Zambia ," 32,048 "
2005,901,Taiwan ," 2,540,703 "
2005,981,Zanzibar ," 1,241,411 "
2005,999,Palestine ," 70,523 "
2006,4,Afghanistan ," 166,360 "
2006,12,Algeria ," 428,478 "
2006,20,Andorra , -   
2006,24,Angola ," 763,747 "
2006,31,Azerbaijan ," 30,395 "
2006,32,Argentina ," 42,616 "
2006,36,Australia ," 959,843 "
2006,40,Austria ," 88,692 "
2006,48,Bahrain ," 6,564,985 "
2006,50,Bangladesh ," 638,773 "
2006,51,Armenia ," 1,500 "
2006,56,Belgium ," 3,205,720 "
2006,70,Bosnia And Herzegovina, 200 
2006,72,Botswana , -   
2006,76,Brazil ," 520,181 "
2006,84,Belize , -   
2006,96,Brunei Darussalam," 7,980 "
2006,100,Bulgaria ," 1,000 "
2006,104,Myanmar, -   
2006,108,Burundi ," 9,031 "
2006,116,Cambodia , -   
2006,120,Cameroon ," 51,631 "
2006,124,Canada ," 495,111 "
2006,140,Central African Republic, -   
2006,144,Sri Lanka ," 3,696,769 "
2006,148,Chad , -   
2006,152,Chile ," 46,344 "
2006,156,China ," 14,418,531 "
2006,170,Colombia ," 60,522 "
2006,174,Comoros," 9,621 "
2006,178,Congo ," 124,181 "
2006,180,Democratic Congo, -   
2006,188,Costa Rica , -   
2006,191,Croatia ," 58,600 "
2006,192,Cuba , -   
2006,196,Cyprus ," 860,497 "
2006,200,Czech Republic," 1,201,874 "
2006,204,Benin ," 13,279 "
2006,208,Denmark ," 79,891 "
2006,218,Ecuador ," 823,272 "
2006,230,Ethiopia ," 671,731 "
2006,232,Eritrea ," 151,095 "
2006,233,Estonia, -   
2006,246,Finland ," 20,172 "
2006,250,France ," 2,828,071 "
2006,262,Djibouti ," 3,013,264 "
2006,266,Gabon ," 7,230 "
2006,268,Georgia ," 7,725 "
2006,270,Gambia ," 3,543 "
2006,280,Germany ," 2,320,119 "
2006,288,Ghana ," 320,873 "
2006,300,Greece ," 8,622,494 "
2006,320,Guatemala ," 15,411 "
2006,324,Guinea ," 51,326 "
2006,328,Guyana ," 25,392 "
2006,340,Honduras ," 37,154 "
2006,344,Hong Kong ," 3,402,877 "
2006,348,Hungary, -   
2006,356,India ," 124,541,297 "
2006,360,Indonesia ," 1,109,254 "
2006,364,Iran ," 12,218,203 "
2006,368,Iraq ," 11,242,939 "
2006,372,Ireland ," 684,796 "
2006,380,Italy ," 4,663,707 "
2006,388,Jamaica ," 64,753 "
2006,392,Japan ," 19,774,334 "
2006,398,Kazakhstan ," 732,573 "
2006,400,Jordan ," 4,426,348 "
2006,404,Kenya ," 817,015 "
2006,410,South Korea," 5,230,753 "
2006,414,Kuwait ," 15,675,062 "
2006,417,Kyrgyzstan, -   
2006,422,Lebanon ," 891,790 "
2006,426,Lesotho , -   
2006,428,Latvia , -   
2006,430,Liberia ," 338,107 "
2006,434,Libya ," 2,119,782 "
2006,440,Lithuania , -   
2006,442,Luxembourg , -   
2006,446,Macao , -   
2006,450,Madagascar ," 22,209 "
2006,458,Malaysia ," 1,023,201 "
2006,462,Maldives ," 38,363 "
2006,466,Mali , -   
2006,470,Malta ," 216,238 "
2006,478,Mauritania ," 128,612 "
2006,480,Mauritius ," 268,544 "
2006,484,Mexico ," 167,824 "
2006,504,Morocco ," 336,671 "
2006,508,Mozambique ," 78,464 "
2006,524,Nepal ," 31,554 "
2006,528,Netherlands ," 19,180,998 "
2006,554,New Zealand ," 71,393 "
2006,562,Niger , -   
2006,566,Nigeria ," 844,674 "
2006,578,Norway , -   
2006,586,Pakistan ," 15,962,451 "
2006,598,Papua New Guinea," 30,139 "
2006,608,Philippines ," 238,802 "
2006,616,Poland ," 117,788 "
2006,620,Portugal ," 160,904 "
2006,634,Qatar ," 31,900,733 "
2006,642,Romania ," 5,962 "
2006,643,Russia ," 161,412 "
2006,646,Rwanda , -   
2006,682,Saudi Arabia," 49,005,840 "
2006,686,Senegal ," 985,205 "
2006,690,Seychelles," 347,259 "
2006,694,Sierra Leone ," 18,682 "
2006,702,Singapore ," 2,200,689 "
2006,703,Slovakia , -   
2006,704,Vietnam ," 675,684 "
2006,705,Slovania , -   
2006,706,Somalia ," 16,277,803 "
2006,710,South Africa," 5,817,706 "
2006,716,Zimbabwe , -   
2006,720,Yemen ," 20,904,791 "
2006,724,Spain ," 2,206,088 "
2006,736,Sudan ," 4,750,683 "
2006,752,Sweden ," 456,209 "
2006,756,Switzerland ," 1,492,135 "
2006,760,Syria ," 3,009,932 "
2006,762,Tajikistan , -   
2006,764,Thailand ," 3,961,719 "
2006,768,Togo ," 12,666 "
2006,784,United Arab Emirates," 320,890,244 "
2006,788,Tunisia ," 1,436,380 "
2006,792,Turkey ," 231,342 "
2006,795,Trukmenistan ," 3,122 "
2006,800,Uganda ," 28,546 "
2006,804,Ukrania , -   
2006,818,Egypt ," 1,968,846 "
2006,826,United Kingdom," 15,096,252 "
2006,834,Tanzania ," 2,567,993 "
2006,840,United States," 15,637,185 "
2006,858,Uruguay , -   
2006,860,Uzbakistan, -   
2006,862,Venezuela , -   
2006,894,Zambia , -   
2006,901,Taiwan ," 8,027,120 "
2006,981,Zanzibar ," 2,043,960 "
2006,999,Palestine ," 29,865 "
2007,4,Afghanistan ," 98,762 "
2007,8,Albania ," 10,310 "
2007,12,Algeria ," 634,533 "
2007,24,Angola ," 239,608 "
2007,31,Azerbaijan ," 4,371,908 "
2007,32,Argentina , -   
2007,36,Australia ," 718,166 "
2007,40,Austria ," 206,626 "
2007,48,Bahrain ," 9,314,443 "
2007,50,Bangladesh ," 4,862,541 "
2007,51,Armenia , -   
2007,56,Belgium ," 1,670,575 "
2007,68,Bolivia , -   
2007,70,Bosnia And Herzegovina, 839 
2007,76,Brazil ," 265,761 "
2007,84,Belize , -   
2007,96,Brunei Darussalam, 450 
2007,100,Bulgaria , -   
2007,104,Myanmar," 4,063 "
2007,108,Burundi , -   
2007,112,Belarus , -   
2007,116,Cambodia ," 8,424 "
2007,120,Cameroon ," 113,638 "
2007,124,Canada ," 415,096 "
2007,136,Cayman Islands, -   
2007,144,Sri Lanka ," 16,610,590 "
2007,148,Chad ," 16,547 "
2007,152,Chile ," 556,322 "
2007,156,China ," 41,244,890 "
2007,170,Colombia ," 167,821 "
2007,174,Comoros, -   
2007,178,Congo ," 35,358 "
2007,180,Democratic Congo, -   
2007,188,Costa Rica , -   
2007,191,Croatia , -   
2007,196,Cyprus ," 639,549 "
2007,200,Czech Republic," 351,284 "
2007,204,Benin ," 29,035 "
2007,208,Denmark ," 955,451 "
2007,218,Ecuador ," 406,053 "
2007,222,El Salvador ," 583,768 "
2007,226,Equatorial Guinea," 16,776 "
2007,230,Ethiopia ," 136,237 "
2007,232,Eritrea ," 184,847 "
2007,233,Estonia," 20,988 "
2007,242,Fiji ," 3,323 "
2007,246,Finland , 100 
2007,250,France ," 6,505,546 "
2007,262,Djibouti ," 3,017,931 "
2007,266,Gabon ," 5,293 "
2007,268,Georgia ," 67,848 "
2007,270,Gambia ," 24,990 "
2007,280,Germany ," 3,946,854 "
2007,288,Ghana ," 273,769 "
2007,300,Greece ," 1,927,366 "
2007,308,Grenada ," 8,675 "
2007,320,Guatemala , -   
2007,324,Guinea ," 200,324 "
2007,340,Honduras ," 21,352 "
2007,344,Hong Kong ," 3,446,742 "
2007,348,Hungary," 4,608 "
2007,352,Iceland , -   
2007,356,India ," 175,885,859 "
2007,360,Indonesia ," 1,002,722 "
2007,364,Iran ," 7,258,694 "
2007,368,Iraq ," 16,180,902 "
2007,372,Ireland ," 795,062 "
2007,380,Italy ," 8,420,930 "
2007,384,Ivory Coast," 307,585 "
2007,388,Jamaica , -   
2007,392,Japan ," 16,845,168 "
2007,398,Kazakhstan ," 1,388,361 "
2007,400,Jordan ," 4,309,725 "
2007,404,Kenya ," 1,082,531 "
2007,410,South Korea," 25,681,691 "
2007,414,Kuwait ," 17,102,808 "
2007,417,Kyrgyzstan, -   
2007,418,Laos , -   
2007,422,Lebanon ," 2,785,624 "
2007,428,Latvia , -   
2007,430,Liberia ," 816,601 "
2007,434,Libya ," 2,410,287 "
2007,440,Lithuania , -   
2007,442,Luxembourg , -   
2007,450,Madagascar ," 33,965 "
2007,458,Malaysia ," 10,675,797 "
2007,462,Maldives ," 381,133 "
2007,466,Mali ," 57,600 "
2007,470,Malta ," 387,455 "
2007,478,Mauritania ," 136,743 "
2007,480,Mauritius ," 283,370 "
2007,484,Mexico ," 209,384 "
2007,498,Moldova, -   
2007,504,Morocco ," 658,574 "
2007,508,Mozambique ," 179,464 "
2007,516,Namibia, -   
2007,524,Nepal ," 229,668 "
2007,528,Netherlands ," 29,665,237 "
2007,554,New Zealand ," 55,941 "
2007,562,Niger , -   
2007,566,Nigeria ," 1,796,725 "
2007,578,Norway ," 1,944 "
2007,586,Pakistan ," 35,187,853 "
2007,598,Papua New Guinea," 113,341 "
2007,604,Peru , -   
2007,608,Philippines ," 706,980 "
2007,612,Pitcairn, -   
2007,616,Poland ," 950,542 "
2007,620,Portugal ," 203,090 "
2007,630,Puerto Rico ," 7,415 "
2007,634,Qatar ," 51,196,980 "
2007,642,Romania ," 75,162 "
2007,643,Russia ," 89,965 "
2007,646,Rwanda , -   
2007,654,Saint Helena, -   
2007,682,Saudi Arabia," 59,185,222 "
2007,686,Senegal ," 1,382,696 "
2007,690,Seychelles," 103,662 "
2007,694,Sierra Leone ," 136,595 "
2007,702,Singapore ," 15,745,178 "
2007,703,Slovakia , -   
2007,704,Vietnam ," 3,106,713 "
2007,705,Slovania ," 15,387 "
2007,706,Somalia ," 14,358,205 "
2007,710,South Africa," 3,497,610 "
2007,716,Zimbabwe ," 64,965 "
2007,720,Yemen ," 27,495,885 "
2007,724,Spain ," 2,907,352 "
2007,736,Sudan ," 12,745,325 "
2007,748,Swaziland , -   
2007,752,Sweden ," 132,268 "
2007,756,Switzerland ," 9,953,970 "
2007,760,Syria ," 10,053,555 "
2007,762,Tajikistan , -   
2007,764,Thailand ," 1,678,943 "
2007,784,United Arab Emirates," 522,678,678 "
2007,788,Tunisia ," 2,022,261 "
2007,792,Turkey ," 1,330,613 "
2007,795,Trukmenistan ," 10,575 "
2007,798,Tuvalu ," 7,034 "
2007,800,Uganda ," 44,462 "
2007,804,Ukrania ," 131,136 "
2007,807,Macedonia, -   
2007,818,Egypt ," 3,629,393 "
2007,826,United Kingdom," 27,466,860 "
2007,834,Tanzania ," 3,375,829 "
2007,840,United States," 19,512,588 "
2007,858,Uruguay ," 16,675 "
2007,860,Uzbakistan, -   
2007,862,Venezuela , -   
2007,894,Zambia ," 112,356 "
2007,901,Taiwan ," 26,338,482 "
2007,981,Zanzibar ," 1,336,292 "
2007,999,Palestine ," 249,787 "
2008,4,Afghanistan ," 100,119 "
2008,8,Albania , -   
2008,12,Algeria ," 1,187,265 "
2008,24,Angola ," 519,700 "
2008,31,Azerbaijan ," 706,126 "
2008,32,Argentina ," 9,173 "
2008,36,Australia ," 1,557,006 "
2008,40,Austria ," 212,914 "
2008,48,Bahrain ," 17,686,629 "
2008,50,Bangladesh ," 4,501,717 "
2008,51,Armenia ," 51,595 "
2008,56,Belgium ," 5,485,625 "
2008,68,Bolivia , -   
2008,70,Bosnia And Herzegovina," 1,054,774 "
2008,72,Botswana , 340 
2008,76,Brazil ," 34,132 "
2008,84,Belize , -   
2008,90,Solomon Islands," 3,200 "
2008,96,Brunei Darussalam," 129,806 "
2008,100,Bulgaria , 29 
2008,104,Myanmar," 1,652,346 "
2008,108,Burundi ," 45,398 "
2008,112,Belarus , -   
2008,116,Cambodia , -   
2008,120,Cameroon ," 39,078 "
2008,124,Canada ," 636,383 "
2008,132,Cape Verde , -   
2008,144,Sri Lanka ," 7,332,342 "
2008,148,Chad , -   
2008,152,Chile ," 16,799 "
2008,156,China ," 123,953,065 "
2008,170,Colombia ," 23,958 "
2008,174,Comoros," 143,846 "
2008,178,Congo ," 15,456 "
2008,180,Democratic Congo, 180 
2008,188,Costa Rica ," 22,558 "
2008,191,Croatia ," 22,917 "
2008,192,Cuba , -   
2008,196,Cyprus ," 646,674 "
2008,200,Czech Republic," 781,603 "
2008,204,Benin ," 39,958 "
2008,208,Denmark ," 7,075 "
2008,212,Dominica ," 27,987 "
2008,214,Dominican Republic," 120,238 "
2008,218,Ecuador ," 596,755 "
2008,222,El Salvador ," 65,102 "
2008,226,Equatorial Guinea," 14,697 "
2008,230,Ethiopia ," 395,546 "
2008,232,Eritrea ," 440,254 "
2008,233,Estonia, -   
2008,242,Fiji ," 14,110 "
2008,246,Finland , 27 
2008,250,France ," 12,956,470 "
2008,262,Djibouti ," 4,047,751 "
2008,266,Gabon , -   
2008,268,Georgia ," 896,184 "
2008,270,Gambia ," 31,547 "
2008,280,Germany ," 3,584,897 "
2008,288,Ghana ," 177,245 "
2008,296,Kiribati , -   
2008,300,Greece ," 1,391,246 "
2008,308,Grenada ," 10,829 "
2008,320,Guatemala , -   
2008,324,Guinea ," 47,084 "
2008,328,Guyana , -   
2008,332,Haiti , -   
2008,340,Honduras ," 35,932 "
2008,344,Hong Kong ," 741,782 "
2008,348,Hungary, 461 
2008,352,Iceland , -   
2008,356,India ," 247,476,793 "
2008,360,Indonesia ," 5,916,744 "
2008,364,Iran ," 20,914,214 "
2008,368,Iraq ," 70,140,734 "
2008,372,Ireland ," 737,897 "
2008,380,Italy ," 9,042,125 "
2008,384,Ivory Coast," 85,050 "
2008,392,Japan ," 26,882,852 "
2008,396,Johnston Island, -   
2008,398,Kazakhstan ," 2,773,336 "
2008,400,Jordan ," 8,938,733 "
2008,404,Kenya ," 1,826,728 "
2008,408,North Korea, -   
2008,410,South Korea," 33,703,455 "
2008,414,Kuwait ," 30,035,147 "
2008,417,Kyrgyzstan, -   
2008,418,Laos , -   
2008,422,Lebanon ," 3,488,857 "
2008,428,Latvia , -   
2008,430,Liberia ," 633,072 "
2008,434,Libya ," 3,068,751 "
2008,440,Lithuania , -   
2008,442,Luxembourg , -   
2008,446,Macao , -   
2008,450,Madagascar , -   
2008,458,Malaysia ," 5,598,616 "
2008,462,Maldives ," 1,190,401 "
2008,466,Mali ," 594,302 "
2008,470,Malta ," 396,359 "
2008,478,Mauritania ," 183,558 "
2008,480,Mauritius ," 497,917 "
2008,484,Mexico ," 39,277 "
2008,496,Mongolia , -   
2008,504,Morocco ," 1,021,221 "
2008,508,Mozambique ," 3,485,377 "
2008,516,Namibia, -   
2008,520,Nauru , -   
2008,524,Nepal ," 23,389 "
2008,528,Netherlands ," 42,370,773 "
2008,554,New Zealand ," 127,978 "
2008,566,Nigeria ," 2,489,662 "
2008,578,Norway ," 94,699 "
2008,586,Pakistan ," 36,021,854 "
2008,590,Panama , -   
2008,598,Papua New Guinea," 64,666 "
2008,600,Paraguay , -   
2008,604,Peru ," 44,490 "
2008,608,Philippines ," 5,174,587 "
2008,616,Poland ," 2,140,042 "
2008,620,Portugal ," 387,742 "
2008,630,Puerto Rico ," 7,950 "
2008,634,Qatar ," 98,039,734 "
2008,642,Romania ," 174,190 "
2008,643,Russia ," 489,769 "
2008,646,Rwanda , -   
2008,682,Saudi Arabia," 163,968,688 "
2008,686,Senegal ," 5,997,077 "
2008,690,Seychelles," 330,426 "
2008,694,Sierra Leone ," 88,897 "
2008,702,Singapore ," 55,516,852 "
2008,703,Slovakia , -   
2008,704,Vietnam ," 13,648,648 "
2008,705,Slovania ," 75,762 "
2008,706,Somalia ," 18,286,815 "
2008,710,South Africa," 4,731,978 "
2008,716,Zimbabwe ," 35,811 "
2008,720,Yemen ," 25,912,069 "
2008,724,Spain ," 7,027,909 "
2008,736,Sudan ," 14,073,366 "
2008,740,Suriname," 37,604 "
2008,748,Swaziland , -   
2008,752,Sweden ," 7,646 "
2008,756,Switzerland ," 1,396,482 "
2008,760,Syria ," 8,165,838 "
2008,762,Tajikistan , -   
2008,764,Thailand ," 6,735,068 "
2008,768,Togo ," 25,193 "
2008,780,Trinidad And Tobago," 22,425 "
2008,784,United Arab Emirates," 635,924,027 "
2008,788,Tunisia ," 655,304 "
2008,792,Turkey ," 6,401,149 "
2008,795,Trukmenistan ," 9,459 "
2008,798,Tuvalu ," 8,755 "
2008,800,Uganda ," 31,308 "
2008,804,Ukrania ," 157,524 "
2008,810,Soviet Union , -   
2008,818,Egypt ," 8,399,963 "
2008,826,United Kingdom," 24,520,224 "
2008,834,Tanzania ," 2,963,143 "
2008,840,United States," 54,202,542 "
2008,858,Uruguay , -   
2008,860,Uzbakistan," 4,348 "
2008,862,Venezuela , -   
2008,882,Samoa," 17,152 "
2008,894,Zambia ," 89,610 "
2008,901,Taiwan ," 41,413,506 "
2008,976,, -   
2008,981,Zanzibar ," 520,222 "
2008,999,Palestine ," 915,472 "
2009,4,Afghanistan ," 188,057 "
2009,12,Algeria ," 1,322,057 "
2009,24,Angola ," 1,371,595 "
2009,31,Azerbaijan ," 13,900 "
2009,32,Argentina ," 55,574 "
2009,36,Australia ," 2,476,324 "
2009,40,Austria ," 96,513 "
2009,48,Bahrain ," 14,233,175 "
2009,50,Bangladesh ," 3,893,864 "
2009,51,Armenia , -   
2009,56,Belgium ," 9,271,417 "
2009,68,Bolivia , -   
2009,70,Bosnia And Herzegovina, -   
2009,72,Botswana ," 9,240 "
2009,76,Brazil ," 373,910 "
2009,84,Belize , 392 
2009,86,British Indian Ocean Territory, -   
2009,96,Brunei Darussalam," 9,798 "
2009,100,Bulgaria ," 620,457 "
2009,104,Myanmar," 2,085,723 "
2009,108,Burundi ," 3,106 "
2009,112,Belarus ," 569,812 "
2009,116,Cambodia , -   
2009,120,Cameroon ," 141,650 "
2009,124,Canada ," 3,178,804 "
2009,140,Central African Republic, -   
2009,144,Sri Lanka ," 1,938,068 "
2009,148,Chad , -   
2009,152,Chile ," 99,498 "
2009,156,China ," 159,458,832 "
2009,170,Colombia , -   
2009,174,Comoros," 200,920 "
2009,178,Congo ," 26,458 "
2009,180,Democratic Congo, -   
2009,184,Cook Island, -   
2009,188,Costa Rica , -   
2009,191,Croatia , -   
2009,192,Cuba , -   
2009,196,Cyprus ," 473,021 "
2009,200,Czech Republic," 12,008,512 "
2009,204,Benin ," 32,951 "
2009,208,Denmark ," 264,695 "
2009,214,Dominican Republic," 18,044 "
2009,218,Ecuador ," 485,572 "
2009,222,El Salvador , -   
2009,226,Equatorial Guinea," 100,819 "
2009,230,Ethiopia ," 246,369 "
2009,232,Eritrea ," 853,796 "
2009,233,Estonia," 14,117 "
2009,242,Fiji ," 19,713 "
2009,246,Finland ," 890,885 "
2009,250,France ," 10,247,128 "
2009,254,French Guiana, 200 
2009,262,Djibouti ," 3,160,753 "
2009,266,Gabon ," 6,304 "
2009,268,Georgia ," 123,541 "
2009,270,Gambia ," 20,352 "
2009,280,Germany ," 5,675,241 "
2009,288,Ghana ," 412,579 "
2009,300,Greece ," 3,309,341 "
2009,320,Guatemala , -   
2009,324,Guinea ," 73,026 "
2009,332,Haiti , -   
2009,344,Hong Kong ," 6,941,879 "
2009,348,Hungary," 16,946 "
2009,352,Iceland , -   
2009,356,India ," 219,288,143 "
2009,360,Indonesia ," 36,894,564 "
2009,364,Iran ," 5,617,995 "
2009,368,Iraq ," 41,321,999 "
2009,372,Ireland ," 715,901 "
2009,380,Italy ," 25,617,818 "
2009,384,Ivory Coast," 397,205 "
2009,388,Jamaica , -   
2009,392,Japan ," 11,317,311 "
2009,398,Kazakhstan ," 1,949,076 "
2009,400,Jordan ," 11,072,875 "
2009,404,Kenya ," 1,615,807 "
2009,410,South Korea," 72,862,851 "
2009,414,Kuwait ," 16,441,090 "
2009,417,Kyrgyzstan," 14,802 "
2009,418,Laos , -   
2009,422,Lebanon ," 3,556,861 "
2009,428,Latvia ," 658,723 "
2009,430,Liberia ," 350,422 "
2009,434,Libya ," 836,679 "
2009,440,Lithuania ," 269,757 "
2009,442,Luxembourg , -   
2009,450,Madagascar , -   
2009,458,Malaysia ," 17,058,783 "
2009,462,Maldives ," 225,756 "
2009,466,Mali , -   
2009,470,Malta ," 300,523 "
2009,478,Mauritania ," 145,154 "
2009,480,Mauritius ," 433,405 "
2009,484,Mexico ," 44,363 "
2009,492,Monaco , -   
2009,504,Morocco ," 1,735,336 "
2009,508,Mozambique ," 149,388 "
2009,516,Namibia, -   
2009,524,Nepal ," 345,097 "
2009,528,Netherlands ," 29,376,605 "
2009,554,New Zealand ," 186,029 "
2009,562,Niger , 100 
2009,566,Nigeria ," 3,350,588 "
2009,578,Norway , 140 
2009,586,Pakistan ," 38,807,864 "
2009,598,Papua New Guinea," 10,343 "
2009,600,Paraguay ," 30,095 "
2009,604,Peru , -   
2009,608,Philippines ," 2,728,383 "
2009,616,Poland ," 1,216,406 "
2009,620,Portugal ," 424,286 "
2009,630,Puerto Rico ," 38,587 "
2009,634,Qatar ," 72,074,392 "
2009,642,Romania ," 3,852,287 "
2009,643,Russia ," 107,402 "
2009,646,Rwanda , -   
2009,682,Saudi Arabia," 130,567,616 "
2009,686,Senegal ," 347,425 "
2009,690,Seychelles," 959,658 "
2009,694,Sierra Leone ," 259,000 "
2009,702,Singapore ," 104,065,333 "
2009,703,Slovakia , -   
2009,704,Vietnam ," 9,578,169 "
2009,705,Slovania ," 470,887 "
2009,706,Somalia ," 23,397,249 "
2009,710,South Africa," 5,149,888 "
2009,716,Zimbabwe , -   
2009,720,Yemen ," 27,734,935 "
2009,724,Spain ," 8,201,128 "
2009,736,Sudan ," 10,400,444 "
2009,740,Suriname," 6,730 "
2009,752,Sweden ," 184,186 "
2009,756,Switzerland ," 3,625,925 "
2009,760,Syria ," 11,451,032 "
2009,762,Tajikistan , -   
2009,764,Thailand ," 17,751,358 "
2009,776,Tonga ," 154,308 "
2009,780,Trinidad And Tobago," 12,592 "
2009,784,United Arab Emirates," 485,901,170 "
2009,788,Tunisia ," 728,066 "
2009,792,Turkey ," 6,622,207 "
2009,795,Trukmenistan ," 840,887 "
2009,798,Tuvalu , -   
2009,800,Uganda ," 6,594 "
2009,804,Ukrania ," 1,598,487 "
2009,818,Egypt ," 17,594,429 "
2009,826,United Kingdom," 22,161,084 "
2009,834,Tanzania ," 4,011,655 "
2009,840,United States," 68,278,572 "
2009,854,Burkina Faso, -   
2009,858,Uruguay , -   
2009,860,Uzbakistan, -   
2009,862,Venezuela , -   
2009,894,Zambia ," 57,816 "
2009,901,Taiwan ," 16,310,426 "
2009,981,Zanzibar ," 215,431 "
2009,999,Palestine ," 383,880 "
2010,4,Afghanistan ," 470,933 "
2010,8,Albania , -   
2010,12,Algeria ," 5,997,237 "
2010,24,Angola ," 602,881 "
2010,31,Azerbaijan ," 14,650 "
2010,32,Argentina ," 3,012,397 "
2010,36,Australia ," 10,429,138 "
2010,40,Austria ," 172,984 "
2010,44,Bahamas, -   
2010,48,Bahrain ," 11,859,440 "
2010,50,Bangladesh ," 4,810,803 "
2010,51,Armenia ," 13,052 "
2010,56,Belgium ," 12,462,860 "
2010,68,Bolivia , -   
2010,72,Botswana ," 58,146 "
2010,76,Brazil ," 8,042,116 "
2010,84,Belize ," 6,167 "
2010,96,Brunei Darussalam," 15,784 "
2010,100,Bulgaria ," 2,303,325 "
2010,104,Myanmar," 7,957 "
2010,108,Burundi , 400 
2010,112,Belarus ," 666,348 "
2010,116,Cambodia , -   
2010,120,Cameroon ," 94,878 "
2010,124,Canada ," 1,486,596 "
2010,144,Sri Lanka ," 20,248,251 "
2010,148,Chad , -   
2010,152,Chile ," 113,570 "
2010,156,China ," 185,238,659 "
2010,170,Colombia ," 6,808,568 "
2010,174,Comoros," 173,460 "
2010,178,Congo ," 60,520 "
2010,180,Democratic Congo," 19,693 "
2010,188,Costa Rica ," 7,819 "
2010,191,Croatia ," 549,023 "
2010,192,Cuba , -   
2010,196,Cyprus ," 1,054,629 "
2010,200,Czech Republic," 3,561,625 "
2010,204,Benin , -   
2010,208,Denmark ," 135,568 "
2010,214,Dominican Republic," 342,583 "
2010,218,Ecuador ," 756,789 "
2010,222,El Salvador ," 139,882 "
2010,226,Equatorial Guinea," 34,105 "
2010,230,Ethiopia ," 553,939 "
2010,232,Eritrea ," 752,539 "
2010,233,Estonia," 38,986 "
2010,242,Fiji ," 4,851 "
2010,246,Finland ," 753,643 "
2010,250,France ," 12,075,194 "
2010,262,Djibouti ," 4,245,288 "
2010,266,Gabon ," 22,227 "
2010,268,Georgia ," 246,686 "
2010,270,Gambia ," 48,716 "
2010,280,Germany ," 12,455,871 "
2010,288,Ghana ," 3,596,240 "
2010,300,Greece ," 2,418,895 "
2010,320,Guatemala , -   
2010,324,Guinea ," 282,600 "
2010,332,Haiti , -   
2010,336,Vatican City, -   
2010,344,Hong Kong ," 2,898,217 "
2010,348,Hungary," 23,451 "
2010,352,Iceland , 455 
2010,356,India ," 323,417,998 "
2010,360,Indonesia ," 59,301,931 "
2010,364,Iran ," 2,691,396 "
2010,368,Iraq ," 40,295,084 "
2010,372,Ireland ," 2,304,801 "
2010,380,Italy ," 18,834,054 "
2010,384,Ivory Coast," 220,028 "
2010,388,Jamaica , -   
2010,392,Japan ," 12,305,143 "
2010,398,Kazakhstan ," 3,339,492 "
2010,400,Jordan ," 12,915,581 "
2010,404,Kenya ," 4,301,349 "
2010,410,South Korea," 87,392,706 "
2010,414,Kuwait ," 24,454,911 "
2010,417,Kyrgyzstan, -   
2010,418,Laos , -   
2010,422,Lebanon ," 3,804,805 "
2010,428,Latvia ," 16,330 "
2010,430,Liberia ," 338,110 "
2010,434,Libya ," 2,710,757 "
2010,440,Lithuania ," 230,330 "
2010,442,Luxembourg , 200 
2010,450,Madagascar , -   
2010,458,Malaysia ," 51,663,861 "
2010,462,Maldives ," 434,269 "
2010,466,Mali ," 39,285 "
2010,470,Malta ," 363,427 "
2010,478,Mauritania ," 62,135 "
2010,480,Mauritius ," 1,178,010 "
2010,484,Mexico ," 82,191 "
2010,492,Monaco , -   
2010,496,Mongolia , -   
2010,498,Moldova, -   
2010,499,Montenegro, -   
2010,504,Morocco ," 3,078,195 "
2010,508,Mozambique ," 490,918 "
2010,512,Oman - Free Zones, -   
2010,516,Namibia, -   
2010,524,Nepal ," 12,641 "
2010,528,Netherlands ," 25,295,865 "
2010,554,New Zealand ," 170,305 "
2010,562,Niger , -   
2010,566,Nigeria ," 5,571,899 "
2010,578,Norway ," 36,005 "
2010,586,Pakistan ," 67,589,847 "
2010,590,Panama , -   
2010,598,Papua New Guinea, -   
2010,600,Paraguay , -   
2010,604,Peru ," 14,660 "
2010,608,Philippines ," 1,058,938 "
2010,616,Poland ," 1,964,762 "
2010,620,Portugal ," 3,666,424 "
2010,624,Guinea-Bissau, -   
2010,630,Puerto Rico ," 255,557 "
2010,634,Qatar ," 60,220,667 "
2010,638,Reunion, -   
2010,642,Romania ," 4,896,269 "
2010,643,Russia ," 1,411,463 "
2010,646,Rwanda , -   
2010,682,Saudi Arabia," 182,577,935 "
2010,686,Senegal ," 389,415 "
2010,690,Seychelles," 88,771 "
2010,694,Sierra Leone ," 158,243 "
2010,702,Singapore ," 50,678,201 "
2010,703,Slovakia , -   
2010,704,Vietnam ," 15,382,186 "
2010,705,Slovania ," 2,764,936 "
2010,706,Somalia ," 24,680,804 "
2010,710,South Africa," 30,087,609 "
2010,716,Zimbabwe ," 4,320 "
2010,720,Yemen ," 26,217,702 "
2010,724,Spain ," 11,067,212 "
2010,736,Sudan ," 11,851,265 "
2010,740,Suriname," 18,129 "
2010,748,Swaziland , -   
2010,752,Sweden ," 502,559 "
2010,756,Switzerland ," 6,155,073 "
2010,760,Syria ," 9,623,696 "
2010,762,Tajikistan ," 7,665 "
2010,764,Thailand ," 66,688,041 "
2010,768,Togo ," 199,921 "
2010,780,Trinidad And Tobago," 14,174 "
2010,784,United Arab Emirates," 573,621,757 "
2010,788,Tunisia ," 1,010,780 "
2010,792,Turkey ," 13,165,160 "
2010,795,Trukmenistan ," 159,784 "
2010,800,Uganda ," 28,396 "
2010,804,Ukrania ," 236,284 "
2010,807,Macedonia, -   
2010,818,Egypt ," 21,344,251 "
2010,826,United Kingdom," 34,323,716 "
2010,834,Tanzania ," 7,941,545 "
2010,840,United States," 109,593,523 "
2010,854,Burkina Faso, -   
2010,858,Uruguay , -   
2010,860,Uzbakistan, -   
2010,862,Venezuela , -   
2010,894,Zambia ," 48,364 "
2010,901,Taiwan ," 96,386,461 "
2010,981,Zanzibar ," 13,043 "
2010,999,Palestine ," 595,332 "
2011,4,Afghanistan ," 123,184 "
2011,8,Albania ," 1,568 "
2011,12,Algeria ," 9,998,849 "
2011,24,Angola ," 1,544,031 "
2011,31,Azerbaijan ," 29,885 "
2011,32,Argentina ," 10,868,393 "
2011,36,Australia ," 15,616,526 "
2011,40,Austria ," 52,793 "
2011,44,Bahamas, -   
2011,48,Bahrain ," 9,926,815 "
2011,50,Bangladesh ," 9,135,676 "
2011,51,Armenia , -   
2011,52,Barbados , -   
2011,56,Belgium ," 16,839,901 "
2011,70,Bosnia And Herzegovina, -   
2011,72,Botswana ," 74,479 "
2011,76,Brazil ," 19,786,413 "
2011,84,Belize , -   
2011,96,Brunei Darussalam," 2,461,454 "
2011,100,Bulgaria ," 548,850 "
2011,104,Myanmar," 11,118 "
2011,108,Burundi ," 7,228 "
2011,112,Belarus ," 953,707 "
2011,116,Cambodia , -   
2011,120,Cameroon ," 326,474 "
2011,124,Canada ," 2,893,768 "
2011,140,Central African Republic, -   
2011,144,Sri Lanka ," 9,933,256 "
2011,148,Chad , -   
2011,152,Chile ," 4,398,114 "
2011,156,China ," 331,804,847 "
2011,170,Colombia ," 129,756 "
2011,174,Comoros," 230,353 "
2011,178,Congo ," 17,408 "
2011,180,Democratic Congo, 28 
2011,188,Costa Rica , 10 
2011,191,Croatia ," 353,869 "
2011,192,Cuba , -   
2011,196,Cyprus ," 647,576 "
2011,200,Czech Republic," 4,751,228 "
2011,204,Benin ," 105,435 "
2011,208,Denmark ," 2,155,979 "
2011,212,Dominica ," 109,257 "
2011,214,Dominican Republic," 7,762 "
2011,218,Ecuador ," 504,036 "
2011,222,El Salvador , -   
2011,226,Equatorial Guinea," 125,583 "
2011,230,Ethiopia ," 119,623 "
2011,232,Eritrea ," 999,688 "
2011,233,Estonia," 2,884,374 "
2011,242,Fiji ," 34,363 "
2011,246,Finland ," 769,964 "
2011,250,France ," 6,426,067 "
2011,262,Djibouti ," 8,815,020 "
2011,266,Gabon ," 59,894 "
2011,268,Georgia ," 263,411 "
2011,270,Gambia ," 45,009 "
2011,280,Germany ," 10,461,889 "
2011,288,Ghana ," 988,153 "
2011,300,Greece ," 3,244,147 "
2011,308,Grenada ," 14,511 "
2011,320,Guatemala , -   
2011,324,Guinea ," 165,563 "
2011,336,Vatican City, -   
2011,340,Honduras ," 88,307 "
2011,344,Hong Kong ," 9,971,845 "
2011,348,Hungary," 82,536 "
2011,352,Iceland , -   
2011,356,India ," 413,057,719 "
2011,360,Indonesia ," 115,510,162 "
2011,364,Iran ," 1,936,769 "
2011,368,Iraq ," 56,748,227 "
2011,372,Ireland ," 1,669,427 "
2011,380,Italy ," 36,014,681 "
2011,384,Ivory Coast," 623,864 "
2011,388,Jamaica ," 17,473 "
2011,392,Japan ," 4,417,792 "
2011,398,Kazakhstan ," 5,825,061 "
2011,400,Jordan ," 12,835,259 "
2011,404,Kenya ," 13,501,029 "
2011,410,South Korea," 82,637,552 "
2011,414,Kuwait ," 109,032,321 "
2011,417,Kyrgyzstan, -   
2011,418,Laos , -   
2011,422,Lebanon ," 4,958,431 "
2011,428,Latvia ," 362,125 "
2011,430,Liberia ," 713,407 "
2011,434,Libya ," 1,028,310 "
2011,440,Lithuania ," 770,864 "
2011,442,Luxembourg , -   
2011,446,Macao , -   
2011,450,Madagascar ," 453,127 "
2011,454,Malawi ," 90,966 "
2011,458,Malaysia ," 78,332,504 "
2011,462,Maldives ," 1,895,017 "
2011,466,Mali ," 464,855 "
2011,470,Malta ," 182,705 "
2011,478,Mauritania ," 54,777 "
2011,480,Mauritius ," 731,037 "
2011,484,Mexico ," 5,175,451 "
2011,496,Mongolia , -   
2011,504,Morocco ," 6,759,354 "
2011,508,Mozambique ," 4,632,355 "
2011,512,Oman - Free Zones, -   
2011,516,Namibia," 12,692 "
2011,524,Nepal ," 2,945 "
2011,528,Netherlands ," 66,643,532 "
2011,548,Vanuatu ," 11,708 "
2011,554,New Zealand ," 9,591,245 "
2011,562,Niger ," 13,500 "
2011,566,Nigeria ," 6,486,899 "
2011,578,Norway ," 4,201 "
2011,586,Pakistan ," 113,747,564 "
2011,590,Panama ," 18,211 "
2011,598,Papua New Guinea," 18,593 "
2011,600,Paraguay ," 52,446 "
2011,604,Peru ," 84,563 "
2011,608,Philippines ," 3,815,377 "
2011,616,Poland ," 1,269,370 "
2011,620,Portugal ," 2,260,874 "
2011,624,Guinea-Bissau, -   
2011,630,Puerto Rico ," 207,147 "
2011,634,Qatar ," 45,939,017 "
2011,642,Romania ," 4,793,103 "
2011,643,Russia ," 204,787 "
2011,646,Rwanda , -   
2011,682,Saudi Arabia," 239,630,354 "
2011,686,Senegal ," 657,036 "
2011,690,Seychelles," 75,890 "
2011,694,Sierra Leone ," 213,939 "
2011,702,Singapore ," 11,805,445 "
2011,703,Slovakia ," 3,093 "
2011,704,Vietnam ," 36,111,149 "
2011,705,Slovania ," 1,446,013 "
2011,706,Somalia ," 37,868,052 "
2011,710,South Africa," 21,867,387 "
2011,716,Zimbabwe , 50 
2011,720,Yemen ," 22,392,860 "
2011,724,Spain ," 17,419,269 "
2011,736,Sudan ," 9,579,067 "
2011,740,Suriname," 8,578 "
2011,748,Swaziland , -   
2011,752,Sweden ," 60,053 "
2011,756,Switzerland ," 145,971 "
2011,760,Syria ," 11,739,570 "
2011,762,Tajikistan , -   
2011,764,Thailand ," 87,200,386 "
2011,768,Togo ," 196,239 "
2011,776,Tonga ," 10,004 "
2011,780,Trinidad And Tobago," 7,293 "
2011,784,United Arab Emirates," 450,107,014 "
2011,788,Tunisia ," 5,527,133 "
2011,792,Turkey ," 10,568,912 "
2011,795,Trukmenistan ," 607,829 "
2011,800,Uganda ," 125,683 "
2011,804,Ukrania ," 155,828 "
2011,818,Egypt ," 38,939,872 "
2011,826,United Kingdom," 16,813,859 "
2011,834,Tanzania ," 26,922,225 "
2011,840,United States," 111,549,068 "
2011,854,Burkina Faso, -   
2011,858,Uruguay ," 44,044 "
2011,860,Uzbakistan," 10,029 "
2011,862,Venezuela ," 14,068 "
2011,894,Zambia ," 320,451 "
2011,901,Taiwan ," 155,001,357 "
2011,981,Zanzibar , -   
2011,999,Palestine ," 526,372 "
2012,4,Afghanistan ," 110,484 "
2012,8,Albania , -   
2012,12,Algeria ," 10,380,394 "
2012,24,Angola ," 3,292,166 "
2012,31,Azerbaijan ," 17,222 "
2012,32,Argentina ," 218,973 "
2012,36,Australia ," 6,663,705 "
2012,40,Austria ," 80,153 "
2012,44,Bahamas, -   
2012,48,Bahrain ," 23,115,462 "
2012,50,Bangladesh ," 8,893,941 "
2012,51,Armenia ," 94,288 "
2012,52,Barbados , -   
2012,56,Belgium ," 14,863,646 "
2012,68,Bolivia , -   
2012,70,Bosnia And Herzegovina, -   
2012,72,Botswana ," 86,264 "
2012,76,Brazil ," 2,047,889 "
2012,96,Brunei Darussalam," 8,485 "
2012,100,Bulgaria ," 1,280,076 "
2012,104,Myanmar," 4,536,506 "
2012,108,Burundi ," 8,458 "
2012,112,Belarus ," 807,556 "
2012,116,Cambodia ," 22,365 "
2012,120,Cameroon ," 230,481 "
2012,124,Canada ," 11,199,597 "
2012,144,Sri Lanka ," 18,411,687 "
2012,148,Chad , -   
2012,152,Chile ," 54,448 "
2012,156,China ," 276,421,761 "
2012,170,Colombia ," 65,402 "
2012,174,Comoros," 318,058 "
2012,178,Congo ," 198,002 "
2012,188,Costa Rica , -   
2012,191,Croatia ," 2,252 "
2012,192,Cuba , -   
2012,196,Cyprus ," 512,595 "
2012,200,Czech Republic," 4,658,045 "
2012,204,Benin ," 473,036 "
2012,208,Denmark ," 295,287 "
2012,218,Ecuador ," 169,507 "
2012,226,Equatorial Guinea," 43,620 "
2012,230,Ethiopia ," 131,913 "
2012,232,Eritrea ," 466,013 "
2012,233,Estonia," 1,478,808 "
2012,242,Fiji ," 220,278 "
2012,246,Finland ," 311,652 "
2012,250,France ," 6,271,866 "
2012,262,Djibouti ," 7,026,845 "
2012,266,Gabon ," 17,575 "
2012,268,Georgia ," 568,937 "
2012,270,Gambia ," 30,227 "
2012,280,Germany ," 12,422,103 "
2012,288,Ghana ," 554,827 "
2012,300,Greece ," 1,443,998 "
2012,320,Guatemala ," 11,011 "
2012,324,Guinea ," 605,393 "
2012,328,Guyana , -   
2012,340,Honduras , -   
2012,344,Hong Kong ," 6,378,633 "
2012,348,Hungary," 1,423,524 "
2012,352,Iceland ," 8,000 "
2012,356,India ," 611,638,712 "
2012,360,Indonesia ," 90,589,658 "
2012,364,Iran ," 602,156 "
2012,368,Iraq ," 181,965,198 "
2012,372,Ireland ," 1,370,063 "
2012,380,Italy ," 18,947,918 "
2012,384,Ivory Coast," 1,216,133 "
2012,388,Jamaica ," 390,277 "
2012,392,Japan ," 15,675,988 "
2012,398,Kazakhstan ," 2,373,384 "
2012,400,Jordan ," 12,325,010 "
2012,404,Kenya ," 18,981,666 "
2012,410,South Korea," 45,135,799 "
2012,414,Kuwait ," 66,594,107 "
2012,418,Laos ," 10,811 "
2012,422,Lebanon ," 4,437,027 "
2012,428,Latvia ," 1,220,136 "
2012,430,Liberia ," 696,189 "
2012,434,Libya ," 5,168,667 "
2012,440,Lithuania ," 18,004 "
2012,442,Luxembourg , -   
2012,450,Madagascar ," 6,025,900 "
2012,454,Malawi ," 72,370 "
2012,458,Malaysia ," 89,599,804 "
2012,462,Maldives ," 1,584,758 "
2012,466,Mali ," 3,074 "
2012,470,Malta ," 139,843 "
2012,474,Martinique , -   
2012,478,Mauritania ," 15,589 "
2012,480,Mauritius ," 594,725 "
2012,484,Mexico ," 6,500,904 "
2012,496,Mongolia , -   
2012,504,Morocco ," 20,287,713 "
2012,508,Mozambique ," 9,260,325 "
2012,516,Namibia, 145 
2012,524,Nepal ," 11,030 "
2012,528,Netherlands ," 35,563,484 "
2012,554,New Zealand ," 89,453 "
2012,562,Niger , -   
2012,566,Nigeria ," 5,005,663 "
2012,578,Norway , 123 
2012,586,Pakistan ," 217,762,741 "
2012,590,Panama ," 24,640 "
2012,598,Papua New Guinea, -   
2012,600,Paraguay , -   
2012,604,Peru ," 36,411 "
2012,608,Philippines ," 8,855,636 "
2012,616,Poland ," 1,291,249 "
2012,620,Portugal ," 26,138 "
2012,634,Qatar ," 61,556,435 "
2012,638,Reunion, -   
2012,642,Romania ," 2,960,709 "
2012,643,Russia ," 679,999 "
2012,646,Rwanda ," 2,320 "
2012,682,Saudi Arabia," 329,718,946 "
2012,686,Senegal ," 675,488 "
2012,690,Seychelles," 119,690 "
2012,694,Sierra Leone ," 155,083 "
2012,702,Singapore ," 32,512,221 "
2012,703,Slovakia ," 1,728 "
2012,704,Vietnam ," 47,967,746 "
2012,705,Slovania ," 4,664,990 "
2012,706,Somalia ," 49,333,422 "
2012,710,South Africa," 22,686,502 "
2012,716,Zimbabwe , -   
2012,720,Yemen ," 29,385,863 "
2012,724,Spain ," 5,044,565 "
2012,736,Sudan ," 6,009,642 "
2012,740,Suriname, -   
2012,752,Sweden ," 1,148,479 "
2012,756,Switzerland ," 411,308 "
2012,760,Syria ," 11,403,221 "
2012,762,Tajikistan , -   
2012,764,Thailand ," 62,380,925 "
2012,768,Togo ," 419,171 "
2012,776,Tonga ," 5,397 "
2012,784,United Arab Emirates," 550,309,928 "
2012,788,Tunisia ," 3,048,451 "
2012,792,Turkey ," 26,666,374 "
2012,795,Trukmenistan ," 10,280,912 "
2012,800,Uganda ," 110,237 "
2012,804,Ukrania ," 224,028 "
2012,818,Egypt ," 30,538,982 "
2012,826,United Kingdom," 14,343,648 "
2012,834,Tanzania ," 94,994,010 "
2012,840,United States," 233,213,980 "
2012,858,Uruguay ," 72,198 "
2012,860,Uzbakistan," 15,766 "
2012,862,Venezuela , -   
2012,894,Zambia ," 117,292 "
2012,901,Taiwan ," 49,390,960 "
2012,981,Zanzibar , -   
2012,999,Palestine ," 422,451 "
2013,4,Afghanistan ," 7,589 "
2013,8,Albania , -   
2013,12,Algeria ," 6,588,934 "
2013,24,Angola ," 3,412,752 "
2013,31,Azerbaijan ," 61,911 "
2013,32,Argentina ," 390,177 "
2013,36,Australia ," 30,039,089 "
2013,40,Austria ," 135,286 "
2013,48,Bahrain ," 44,849,008 "
2013,50,Bangladesh ," 16,043,030 "
2013,51,Armenia , -   
2013,56,Belgium ," 12,265,051 "
2013,68,Bolivia , -   
2013,70,Bosnia And Herzegovina, -   
2013,72,Botswana ," 91,653 "
2013,76,Brazil ," 37,190,566 "
2013,84,Belize ," 12,647 "
2013,96,Brunei Darussalam," 37,570 "
2013,100,Bulgaria ," 4,734,300 "
2013,104,Myanmar," 6,225,850 "
2013,108,Burundi , 70 
2013,112,Belarus ," 929,802 "
2013,116,Cambodia ," 21,299 "
2013,120,Cameroon ," 254,351 "
2013,124,Canada ," 1,075,180 "
2013,144,Sri Lanka ," 56,213,581 "
2013,148,Chad , -   
2013,152,Chile ," 48,749 "
2013,156,China ," 217,110,703 "
2013,170,Colombia ," 145,551 "
2013,174,Comoros," 187,157 "
2013,178,Congo ," 26,754 "
2013,188,Costa Rica ," 7,050 "
2013,191,Croatia ," 2,282 "
2013,192,Cuba , -   
2013,196,Cyprus ," 313,937 "
2013,200,Czech Republic," 5,433,259 "
2013,204,Benin ," 369,031 "
2013,208,Denmark ," 1,761,523 "
2013,218,Ecuador ," 10,294 "
2013,226,Equatorial Guinea," 90,269 "
2013,230,Ethiopia ," 53,220 "
2013,232,Eritrea ," 660,135 "
2013,233,Estonia, -   
2013,242,Fiji ," 19,250 "
2013,246,Finland ," 7,142 "
2013,250,France ," 11,315,048 "
2013,262,Djibouti ," 7,115,284 "
2013,266,Gabon ," 108,159 "
2013,268,Georgia ," 443,332 "
2013,270,Gambia ," 10,704 "
2013,280,Germany ," 15,423,849 "
2013,288,Ghana ," 1,267,704 "
2013,296,Kiribati , -   
2013,300,Greece ," 3,353,125 "
2013,320,Guatemala , -   
2013,324,Guinea ," 184,078 "
2013,328,Guyana ," 70,340 "
2013,332,Haiti , -   
2013,340,Honduras , 10 
2013,344,Hong Kong ," 5,230,867 "
2013,348,Hungary," 1,435,862 "
2013,352,Iceland ," 7,050 "
2013,356,India ," 415,728,418 "
2013,360,Indonesia ," 27,070,547 "
2013,364,Iran ," 2,138,697 "
2013,368,Iraq ," 88,254,170 "
2013,372,Ireland ," 1,686,851 "
2013,380,Italy ," 21,758,581 "
2013,384,Ivory Coast," 1,474,019 "
2013,388,Jamaica ," 15,705 "
2013,392,Japan ," 2,565,140 "
2013,396,Johnston Island, -   
2013,398,Kazakhstan ," 225,768 "
2013,400,Jordan ," 12,337,721 "
2013,404,Kenya ," 10,904,402 "
2013,408,North Korea, -   
2013,410,South Korea," 60,080,687 "
2013,414,Kuwait ," 166,029,335 "
2013,418,Laos , -   
2013,422,Lebanon ," 10,286,212 "
2013,428,Latvia , -   
2013,430,Liberia ," 654,886 "
2013,434,Libya ," 4,454,366 "
2013,440,Lithuania ," 158,179 "
2013,442,Luxembourg , -   
2013,446,Macao , -   
2013,450,Madagascar ," 2,609,946 "
2013,454,Malawi , -   
2013,458,Malaysia ," 66,348,617 "
2013,462,Maldives ," 4,514,010 "
2013,466,Mali ," 64,385 "
2013,470,Malta ," 106,307 "
2013,478,Mauritania ," 268,667 "
2013,480,Mauritius ," 673,768 "
2013,484,Mexico ," 3,170,235 "
2013,496,Mongolia , -   
2013,499,Montenegro, -   
2013,504,Morocco ," 3,511,670 "
2013,508,Mozambique ," 34,210,295 "
2013,516,Namibia," 15,589 "
2013,524,Nepal ," 31,781 "
2013,528,Netherlands ," 48,517,879 "
2013,540,New Caledonia, -   
2013,554,New Zealand ," 83,874 "
2013,562,Niger , -   
2013,566,Nigeria ," 2,283,415 "
2013,578,Norway ," 29,468 "
2013,586,Pakistan ," 282,389,384 "
2013,590,Panama ," 59,360 "
2013,600,Paraguay ," 54,570 "
2013,604,Peru ," 306,101 "
2013,608,Philippines ," 24,845,847 "
2013,616,Poland ," 2,272,616 "
2013,620,Portugal ," 6,763,435 "
2013,624,Guinea-Bissau," 7,576 "
2013,634,Qatar ," 134,627,878 "
2013,642,Romania ," 3,218,670 "
2013,643,Russia ," 618,350 "
2013,646,Rwanda ," 6,107 "
2013,682,Saudi Arabia," 542,486,880 "
2013,686,Senegal ," 956,769 "
2013,690,Seychelles," 2,263,501 "
2013,694,Sierra Leone ," 188,953 "
2013,702,Singapore ," 53,209,603 "
2013,703,Slovakia , -   
2013,704,Vietnam ," 22,717,232 "
2013,705,Slovania ," 1,287,688 "
2013,706,Somalia ," 106,028,299 "
2013,710,South Africa," 14,962,762 "
2013,716,Zimbabwe , 286 
2013,720,Yemen ," 34,397,927 "
2013,724,Spain ," 9,644,562 "
2013,736,Sudan ," 5,867,691 "
2013,748,Swaziland , -   
2013,752,Sweden ," 54,704 "
2013,756,Switzerland ," 706,232 "
2013,760,Syria ," 2,786,087 "
2013,762,Tajikistan , -   
2013,764,Thailand ," 34,618,088 "
2013,768,Togo ," 282,827 "
2013,776,Tonga ," 5,445 "
2013,780,Trinidad And Tobago, -   
2013,784,United Arab Emirates," 658,330,994 "
2013,788,Tunisia ," 2,147,025 "
2013,792,Turkey ," 60,366,118 "
2013,795,Trukmenistan ," 436,143 "
2013,798,Tuvalu , -   
2013,800,Uganda ," 45,562 "
2013,804,Ukrania ," 375,031 "
2013,818,Egypt ," 56,085,093 "
2013,826,United Kingdom," 18,939,436 "
2013,834,Tanzania ," 30,606,727 "
2013,840,United States," 185,567,371 "
2013,854,Burkina Faso, -   
2013,858,Uruguay ," 49,659 "
2013,862,Venezuela , 29 
2013,890,Jugoslavia ," 1,489 "
2013,894,Zambia ," 48,245 "
2013,901,Taiwan ," 20,811,758 "
2013,981,Zanzibar , 154 
2013,999,Palestine ," 380,575 "
2014,4,Afghanistan , -   
2014,8,Albania ," 211,404 "
2014,12,Algeria ," 8,638,413 "
2014,24,Angola ," 5,059,345 "
2014,31,Azerbaijan , -   
2014,32,Argentina ," 620,091 "
2014,36,Australia ," 12,610,931 "
2014,40,Austria ," 4,924,215 "
2014,44,Bahamas," 49,262 "
2014,48,Bahrain ," 40,903,559 "
2014,50,Bangladesh ," 19,084,859 "
2014,51,Armenia ," 6,799 "
2014,56,Belgium ," 7,000,704 "
2014,68,Bolivia ," 18,365 "
2014,70,Bosnia And Herzegovina, -   
2014,72,Botswana ," 130,047 "
2014,76,Brazil ," 89,671,296 "
2014,84,Belize ," 25,227 "
2014,90,Solomon Islands," 37,029 "
2014,96,Brunei Darussalam," 39,719 "
2014,100,Bulgaria ," 1,101,553 "
2014,104,Myanmar," 4,738,730 "
2014,108,Burundi ," 9,210 "
2014,112,Belarus ," 994,527 "
2014,116,Cambodia , -   
2014,120,Cameroon ," 3,550,967 "
2014,124,Canada ," 5,032,029 "
2014,144,Sri Lanka ," 81,704,802 "
2014,148,Chad , -   
2014,152,Chile ," 22,363 "
2014,156,China ," 220,693,759 "
2014,170,Colombia ," 103,472 "
2014,174,Comoros," 452,502 "
2014,178,Congo ," 147,590 "
2014,180,Democratic Congo, -   
2014,188,Costa Rica ," 4,689 "
2014,191,Croatia ," 2,075,248 "
2014,192,Cuba ," 2,695 "
2014,196,Cyprus ," 185,966 "
2014,200,Czech Republic," 3,083,853 "
2014,204,Benin ," 309,668 "
2014,208,Denmark ," 1,882,042 "
2014,212,Dominica , -   
2014,214,Dominican Republic," 407,131 "
2014,218,Ecuador ," 3,113,919 "
2014,226,Equatorial Guinea," 139,967 "
2014,230,Ethiopia ," 51,168 "
2014,232,Eritrea ," 439,999 "
2014,233,Estonia, -   
2014,242,Fiji ," 490,857 "
2014,246,Finland , -   
2014,250,France ," 3,144,949 "
2014,258,French Polynesia, -   
2014,262,Djibouti ," 10,010,115 "
2014,266,Gabon ," 224,900 "
2014,268,Georgia ," 635,106 "
2014,280,Germany ," 15,768,504 "
2014,288,Ghana ," 999,510 "
2014,300,Greece ," 2,325,514 "
2014,304,Greenland ," 946,971 "
2014,308,Grenada , -   
2014,320,Guatemala ," 59,857 "
2014,324,Guinea ," 630,389 "
2014,328,Guyana ," 2,479 "
2014,332,Haiti , -   
2014,336,Vatican City, -   
2014,340,Honduras ," 41,442 "
2014,344,Hong Kong ," 4,653,110 "
2014,348,Hungary," 748,941 "
2014,352,Iceland ," 6,610 "
2014,356,India ," 383,638,921 "
2014,360,Indonesia ," 26,685,244 "
2014,364,Iran ," 1,126,392 "
2014,368,Iraq ," 50,443,947 "
2014,372,Ireland ," 2,985,828 "
2014,380,Italy ," 14,016,237 "
2014,384,Ivory Coast," 924,388 "
2014,388,Jamaica , -   
2014,392,Japan ," 10,504,573 "
2014,398,Kazakhstan ," 28,086 "
2014,400,Jordan ," 12,257,565 "
2014,404,Kenya ," 31,476,644 "
2014,410,South Korea," 121,870,032 "
2014,414,Kuwait ," 157,653,023 "
2014,417,Kyrgyzstan, -   
2014,418,Laos , -   
2014,422,Lebanon ," 7,022,236 "
2014,428,Latvia , -   
2014,430,Liberia ," 406,599 "
2014,434,Libya ," 4,364,677 "
2014,440,Lithuania ," 296,974 "
2014,442,Luxembourg , 34 
2014,446,Macao , -   
2014,450,Madagascar ," 1,203,303 "
2014,454,Malawi ," 39,544 "
2014,458,Malaysia ," 75,064,478 "
2014,462,Maldives ," 4,176,124 "
2014,466,Mali ," 3,027 "
2014,470,Malta ," 403,365 "
2014,478,Mauritania ," 175,085 "
2014,480,Mauritius ," 1,747,817 "
2014,484,Mexico ," 4,107,100 "
2014,496,Mongolia ," 165,199 "
2014,498,Moldova," 22,481 "
2014,504,Morocco ," 6,902,525 "
2014,508,Mozambique ," 1,296,972 "
2014,516,Namibia," 152,965 "
2014,524,Nepal ," 16,163 "
2014,528,Netherlands ," 60,785,426 "
2014,554,New Zealand ," 165,969 "
2014,562,Niger , -   
2014,566,Nigeria ," 4,749,779 "
2014,578,Norway ," 18,432 "
2014,586,Pakistan ," 467,965,142 "
2014,590,Panama ," 362,269 "
2014,598,Papua New Guinea, -   
2014,600,Paraguay , -   
2014,604,Peru ," 375,610 "
2014,608,Philippines ," 3,202,039 "
2014,616,Poland ," 3,106,071 "
2014,620,Portugal ," 120,164 "
2014,630,Puerto Rico ," 2,555,437 "
2014,634,Qatar ," 96,354,278 "
2014,642,Romania ," 5,576,980 "
2014,643,Russia ," 353,322 "
2014,646,Rwanda , -   
2014,670,Saint Vincent, -   
2014,682,Saudi Arabia," 436,651,728 "
2014,686,Senegal ," 537,426 "
2014,690,Seychelles," 2,322,204 "
2014,694,Sierra Leone ," 612,109 "
2014,702,Singapore ," 36,008,674 "
2014,703,Slovakia , -   
2014,704,Vietnam ," 18,211,727 "
2014,705,Slovania ," 7,532,572 "
2014,706,Somalia ," 62,490,262 "
2014,710,South Africa," 83,168,258 "
2014,716,Zimbabwe , 34 
2014,720,Yemen ," 38,065,267 "
2014,724,Spain ," 7,907,634 "
2014,736,Sudan ," 10,232,138 "
2014,748,Swaziland , -   
2014,752,Sweden ," 154,768 "
2014,756,Switzerland ," 973,290 "
2014,760,Syria ," 4,625,338 "
2014,762,Tajikistan , -   
2014,764,Thailand ," 30,279,257 "
2014,768,Togo ," 212,510 "
2014,776,Tonga ," 5,465 "
2014,780,Trinidad And Tobago," 13,329 "
2014,784,United Arab Emirates," 776,023,621 "
2014,788,Tunisia ," 2,343,806 "
2014,792,Turkey ," 50,693,031 "
2014,795,Trukmenistan ," 159,426 "
2014,800,Uganda ," 53,311 "
2014,804,Ukrania ," 1,456,918 "
2014,807,Macedonia, -   
2014,818,Egypt ," 77,606,283 "
2014,826,United Kingdom," 23,559,495 "
2014,834,Tanzania ," 17,836,280 "
2014,840,United States," 221,283,269 "
2014,854,Burkina Faso," 10,379 "
2014,858,Uruguay ," 4,729,354 "
2014,860,Uzbakistan," 9,792 "
2014,862,Venezuela , 150 
2014,894,Zambia ," 75,791 "
2014,901,Taiwan ," 82,238,658 "
2014,981,Zanzibar , -   
2014,999,Palestine ," 551,025 "
2015,4,Afghanistan , -   
2015,8,Albania ," 23,326 "
2015,12,Algeria ," 10,606,347 "
2015,24,Angola ," 3,099,723 "
2015,31,Azerbaijan , -   
2015,32,Argentina ," 18,391,461 "
2015,36,Australia ," 22,445,049 "
2015,40,Austria ," 44,235 "
2015,48,Bahrain ," 29,557,912 "
2015,50,Bangladesh ," 21,935,637 "
2015,51,Armenia , -   
2015,56,Belgium ," 2,572,636 "
2015,68,Bolivia ," 63,187 "
2015,70,Bosnia And Herzegovina, -   
2015,72,Botswana ," 37,512 "
2015,76,Brazil ," 34,871,866 "
2015,84,Belize ," 25,362 "
2015,96,Brunei Darussalam," 50,463 "
2015,100,Bulgaria ," 26,795 "
2015,104,Myanmar," 6,561,714 "
2015,108,Burundi ," 1,278 "
2015,112,Belarus ," 125,282 "
2015,116,Cambodia ," 335,195 "
2015,120,Cameroon ," 985,346 "
2015,124,Canada ," 4,420,654 "
2015,144,Sri Lanka ," 39,300,656 "
2015,148,Chad , -   
2015,152,Chile ," 10,025 "
2015,156,China ," 215,602,549 "
2015,170,Colombia ," 266,655 "
2015,174,Comoros," 465,149 "
2015,178,Congo ," 274,605 "
2015,180,Democratic Congo," 22,869 "
2015,184,Cook Island, -   
2015,188,Costa Rica ," 15,378 "
2015,191,Croatia ," 351,649 "
2015,192,Cuba , -   
2015,196,Cyprus ," 254,923 "
2015,200,Czech Republic," 4,846,029 "
2015,204,Benin , -   
2015,208,Denmark ," 739,667 "
2015,212,Dominica ," 9,312 "
2015,214,Dominican Republic," 44,445 "
2015,218,Ecuador ," 36,190 "
2015,222,El Salvador ," 136,470 "
2015,226,Equatorial Guinea, -   
2015,230,Ethiopia ," 96,776 "
2015,232,Eritrea ," 18,942 "
2015,233,Estonia, -   
2015,242,Fiji ," 174,557 "
2015,246,Finland , 194 
2015,250,France ," 2,619,008 "
2015,262,Djibouti ," 9,273,931 "
2015,266,Gabon ," 40,540 "
2015,268,Georgia ," 111,284 "
2015,270,Gambia ," 24,584 "
2015,280,Germany ," 13,600,505 "
2015,288,Ghana ," 342,930 "
2015,300,Greece ," 769,753 "
2015,308,Grenada , -   
2015,312,Guadeloupe , -   
2015,320,Guatemala ," 18,798 "
2015,324,Guinea ," 24,184 "
2015,332,Haiti , -   
2015,340,Honduras ," 25,300 "
2015,344,Hong Kong ," 6,847,556 "
2015,348,Hungary," 1,099,389 "
2015,352,Iceland , -   
2015,356,India ," 274,129,494 "
2015,360,Indonesia ," 31,842,032 "
2015,364,Iran ," 2,176,628 "
2015,368,Iraq ," 47,900,122 "
2015,372,Ireland ," 1,652,865 "
2015,380,Italy ," 18,419,345 "
2015,384,Ivory Coast," 659,930 "
2015,388,Jamaica ," 32,640 "
2015,392,Japan ," 19,138,291 "
2015,398,Kazakhstan , -   
2015,400,Jordan ," 16,053,669 "
2015,404,Kenya ," 22,460,345 "
2015,410,South Korea," 41,023,200 "
2015,414,Kuwait ," 62,061,167 "
2015,422,Lebanon ," 6,334,898 "
2015,428,Latvia , -   
2015,430,Liberia ," 456,093 "
2015,434,Libya ," 3,546,897 "
2015,440,Lithuania ," 41,620 "
2015,442,Luxembourg ," 277,530 "
2015,446,Macao , -   
2015,450,Madagascar ," 80,850 "
2015,454,Malawi , -   
2015,458,Malaysia ," 98,539,288 "
2015,462,Maldives ," 6,315,272 "
2015,466,Mali ," 11,821 "
2015,470,Malta ," 224,941 "
2015,478,Mauritania ," 8,798 "
2015,480,Mauritius ," 2,741,898 "
2015,484,Mexico ," 14,665,106 "
2015,496,Mongolia , -   
2015,498,Moldova, -   
2015,504,Morocco ," 9,768,268 "
2015,508,Mozambique ," 5,636,400 "
2015,516,Namibia," 65,450 "
2015,520,Nauru , -   
2015,524,Nepal , -   
2015,528,Netherlands ," 51,925,970 "
2015,554,New Zealand ," 794,208 "
2015,558,Nicaragua , -   
2015,562,Niger ," 241,077 "
2015,566,Nigeria ," 2,516,433 "
2015,578,Norway ," 2,258,591 "
2015,586,Pakistan ," 75,400,726 "
2015,590,Panama ," 167,352 "
2015,598,Papua New Guinea," 47,321 "
2015,600,Paraguay , -   
2015,604,Peru ," 308,869 "
2015,608,Philippines ," 1,838,336 "
2015,616,Poland ," 1,560,289 "
2015,620,Portugal ," 3,274,974 "
2015,624,Guinea-Bissau," 16,333 "
2015,630,Puerto Rico ," 280,709 "
2015,634,Qatar ," 94,362,919 "
2015,642,Romania ," 1,620,522 "
2015,643,Russia ," 588,885 "
2015,646,Rwanda , 300 
2015,682,Saudi Arabia," 374,999,635 "
2015,686,Senegal ," 293,236 "
2015,690,Seychelles," 733,532 "
2015,694,Sierra Leone ," 288,731 "
2015,702,Singapore ," 39,812,227 "
2015,703,Slovakia , 1 
2015,704,Vietnam ," 20,264,350 "
2015,705,Slovania ," 717,768 "
2015,706,Somalia ," 51,618,826 "
2015,710,South Africa," 13,341,091 "
2015,716,Zimbabwe ," 51,999 "
2015,720,Yemen ," 155,905,914 "
2015,724,Spain ," 8,225,141 "
2015,732,Western Sahara, -   
2015,736,Sudan ," 5,800,165 "
2015,752,Sweden ," 64,860 "
2015,756,Switzerland ," 313,309 "
2015,760,Syria ," 3,897,530 "
2015,764,Thailand ," 17,079,532 "
2015,768,Togo ," 134,254 "
2015,776,Tonga ," 5,449 "
2015,780,Trinidad And Tobago," 386,215 "
2015,784,United Arab Emirates," 626,230,399 "
2015,788,Tunisia ," 3,104,836 "
2015,792,Turkey ," 22,071,393 "
2015,795,Trukmenistan ," 4,320 "
2015,800,Uganda ," 82,218 "
2015,804,Ukrania ," 831,294 "
2015,810,Soviet Union , -   
2015,818,Egypt ," 27,843,374 "
2015,826,United Kingdom," 17,417,633 "
2015,834,Tanzania ," 9,029,001 "
2015,840,United States," 179,988,965 "
2015,854,Burkina Faso, -   
2015,858,Uruguay ," 2,549,084 "
2015,860,Uzbakistan, -   
2015,862,Venezuela , -   
2015,894,Zambia ," 55,925 "
2015,901,Taiwan ," 43,298,486 "
2015,981,Zanzibar , -   
2015,999,Palestine ," 350,214 "
2016,4,Afghanistan ," 7,406 "
2016,8,Albania , -   
2016,12,Algeria ," 4,776,598 "
2016,20,Andorra , -   
2016,24,Angola ," 1,932,297 "
2016,31,Azerbaijan , -   
2016,32,Argentina ," 11,042,395 "
2016,36,Australia ," 10,297,760 "
2016,40,Austria ," 60,652 "
2016,48,Bahrain ," 22,458,797 "
2016,50,Bangladesh ," 18,628,033 "
2016,51,Armenia , -   
2016,52,Barbados , -   
2016,56,Belgium ," 1,345,366 "
2016,68,Bolivia , -   
2016,70,Bosnia And Herzegovina, -   
2016,72,Botswana ," 109,447 "
2016,76,Brazil ," 22,031,048 "
2016,84,Belize ," 4,925 "
2016,90,Solomon Islands, -   
2016,96,Brunei Darussalam," 39,510 "
2016,100,Bulgaria ," 6,459 "
2016,104,Myanmar," 4,387,464 "
2016,108,Burundi , 175 
2016,112,Belarus , -   
2016,116,Cambodia ," 2,000 "
2016,120,Cameroon ," 150,557 "
2016,124,Canada ," 1,036,047 "
2016,144,Sri Lanka ," 10,724,157 "
2016,148,Chad , -   
2016,152,Chile ," 4,011,374 "
2016,156,China ," 197,474,890 "
2016,170,Colombia ," 92,731 "
2016,174,Comoros," 189,628 "
2016,178,Congo ," 410,836 "
2016,180,Democratic Congo," 133,732 "
2016,188,Costa Rica ," 3,542 "
2016,191,Croatia ," 75,691 "
2016,192,Cuba , -   
2016,196,Cyprus ," 164,074 "
2016,200,Czech Republic," 630,301 "
2016,204,Benin ," 9,585 "
2016,208,Denmark ," 214,132 "
2016,212,Dominica , -   
2016,214,Dominican Republic," 166,646 "
2016,218,Ecuador ," 92,392 "
2016,222,El Salvador ," 1,039,071 "
2016,226,Equatorial Guinea, -   
2016,230,Ethiopia ," 9,211 "
2016,232,Eritrea , -   
2016,233,Estonia," 4,000 "
2016,242,Fiji ," 204,710 "
2016,246,Finland ," 65,001 "
2016,250,France ," 1,576,662 "
2016,262,Djibouti ," 4,612,770 "
2016,266,Gabon ," 2,002 "
2016,268,Georgia ," 35,091 "
2016,270,Gambia , -   
2016,280,Germany ," 4,687,663 "
2016,288,Ghana ," 299,635 "
2016,300,Greece ," 373,263 "
2016,320,Guatemala , -   
2016,324,Guinea ," 37,707 "
2016,332,Haiti , -   
2016,340,Honduras , -   
2016,344,Hong Kong ," 9,313,301 "
2016,348,Hungary," 293,559 "
2016,352,Iceland , -   
2016,356,India ," 251,664,682 "
2016,360,Indonesia ," 14,948,091 "
2016,364,Iran ," 5,202,924 "
2016,368,Iraq ," 34,510,262 "
2016,372,Ireland ," 192,923 "
2016,380,Italy ," 20,137,075 "
2016,384,Ivory Coast," 261,648 "
2016,388,Jamaica ," 19,697 "
2016,392,Japan ," 13,066,938 "
2016,398,Kazakhstan , 72 
2016,400,Jordan ," 11,574,189 "
2016,404,Kenya ," 11,739,444 "
2016,410,South Korea," 42,674,500 "
2016,414,Kuwait ," 62,731,788 "
2016,417,Kyrgyzstan, -   
2016,422,Lebanon ," 2,519,089 "
2016,428,Latvia , -   
2016,430,Liberia ," 286,042 "
2016,434,Libya ," 2,310,507 "
2016,438,Liechtenstein, -   
2016,440,Lithuania ," 67,569 "
2016,442,Luxembourg ," 1,539 "
2016,450,Madagascar ," 286,689 "
2016,454,Malawi ," 3,714 "
2016,458,Malaysia ," 46,902,982 "
2016,462,Maldives ," 3,104,902 "
2016,466,Mali ," 8,582 "
2016,470,Malta ," 32,395 "
2016,478,Mauritania ," 123,640 "
2016,480,Mauritius ," 2,101,881 "
2016,484,Mexico ," 1,237,208 "
2016,498,Moldova, -   
2016,504,Morocco ," 1,453,172 "
2016,508,Mozambique ," 7,742,600 "
2016,516,Namibia," 60,262 "
2016,524,Nepal ," 14,224 "
2016,528,Netherlands ," 18,792,686 "
2016,554,New Zealand ," 736,363 "
2016,558,Nicaragua , -   
2016,562,Niger , -   
2016,566,Nigeria ," 2,279,994 "
2016,578,Norway ," 12,331 "
2016,586,Pakistan ," 40,206,398 "
2016,590,Panama ," 266,511 "
2016,598,Papua New Guinea," 59,360 "
2016,600,Paraguay , -   
2016,604,Peru ," 487,707 "
2016,608,Philippines ," 4,324,182 "
2016,616,Poland ," 918,789 "
2016,620,Portugal ," 246,266 "
2016,624,Guinea-Bissau," 11,174 "
2016,630,Puerto Rico , -   
2016,634,Qatar ," 80,770,283 "
2016,642,Romania ," 1,150,818 "
2016,643,Russia ," 419,153 "
2016,646,Rwanda ," 65,426 "
2016,662,Saint Lucia," 29,370 "
2016,674,San Marino, -   
2016,682,Saudi Arabia," 253,544,312 "
2016,686,Senegal ," 227,921 "
2016,690,Seychelles," 87,641 "
2016,694,Sierra Leone ," 217,274 "
2016,702,Singapore ," 42,778,334 "
2016,703,Slovakia , 674 
2016,704,Vietnam ," 44,989,046 "
2016,705,Slovania , -   
2016,706,Somalia ," 38,684,136 "
2016,710,South Africa," 21,219,795 "
2016,716,Zimbabwe , 832 
2016,720,Yemen ," 163,835,393 "
2016,724,Spain ," 5,056,656 "
2016,728,South Sudan, -   
2016,736,Sudan ," 3,209,356 "
2016,740,Suriname, -   
2016,752,Sweden ," 20,305 "
2016,756,Switzerland ," 18,352 "
2016,760,Syria ," 3,871,943 "
2016,762,Tajikistan , -   
2016,764,Thailand ," 12,042,789 "
2016,768,Togo ," 52,767 "
2016,780,Trinidad And Tobago," 79,880 "
2016,784,United Arab Emirates," 604,623,721 "
2016,788,Tunisia ," 462,930 "
2016,792,Turkey ," 13,626,502 "
2016,795,Trukmenistan , 364 
2016,800,Uganda ," 51,421 "
2016,804,Ukrania ," 198,237 "
2016,807,Macedonia, -   
2016,818,Egypt ," 16,834,775 "
2016,826,United Kingdom," 7,154,751 "
2016,834,Tanzania ," 5,516,436 "
2016,840,United States," 105,099,287 "
2016,858,Uruguay ," 231,811 "
2016,860,Uzbakistan, 269 
2016,862,Venezuela ," 32,650 "
2016,882,Samoa," 10,367 "
2016,890,Jugoslavia ," 2,002 "
2016,894,Zambia ," 6,668 "
2016,901,Taiwan ," 31,503,755 "
2016,981,Zanzibar , -   
2016,999,Palestine ," 345,896 "
2017,4,Afghanistan ," 11,302 "
2017,8,Albania , -   
2017,12,Algeria ," 1,683,982 "
2017,24,Angola ," 3,521,221 "
2017,31,Azerbaijan , 50 
2017,32,Argentina ," 8,811,702 "
2017,36,Australia ," 19,570,585 "
2017,40,Austria ," 41,250 "
2017,44,Bahamas," 3,080 "
2017,48,Bahrain ," 37,532,078 "
2017,50,Bangladesh ," 33,371,295 "
2017,51,Armenia ," 5,119 "
2017,52,Barbados ," 6,888 "
2017,56,Belgium ," 500,173 "
2017,64,Bhutan , -   
2017,68,Bolivia , -   
2017,70,Bosnia And Herzegovina, 50 
2017,72,Botswana ," 99,791 "
2017,76,Brazil ," 48,250,316 "
2017,84,Belize , -   
2017,92,British Virgin Islands," 2,020 "
2017,96,Brunei Darussalam," 93,433 "
2017,100,Bulgaria ," 1,950 "
2017,104,Myanmar," 5,140,286 "
2017,108,Burundi ," 1,174 "
2017,112,Belarus , -   
2017,116,Cambodia ," 2,474 "
2017,120,Cameroon ," 892,749 "
2017,124,Canada ," 527,305 "
2017,144,Sri Lanka ," 21,309,353 "
2017,148,Chad , 1 
2017,152,Chile ," 122,509 "
2017,156,China ," 244,014,758 "
2017,170,Colombia ," 1,552,749 "
2017,174,Comoros," 239,086 "
2017,178,Congo ," 240,571 "
2017,180,Democratic Congo," 395,923 "
2017,188,Costa Rica ," 12,117 "
2017,191,Croatia ," 141,825 "
2017,192,Cuba , 572 
2017,196,Cyprus ," 519,232 "
2017,200,Czech Republic," 88,507 "
2017,204,Benin ," 3,762,327 "
2017,208,Denmark ," 3,407 "
2017,214,Dominican Republic," 14,168 "
2017,218,Ecuador ," 62,131 "
2017,222,El Salvador ," 636,175 "
2017,230,Ethiopia ," 1,649,588 "
2017,232,Eritrea ," 31,139 "
2017,233,Estonia," 16,367 "
2017,242,Fiji ," 16,231 "
2017,246,Finland ," 77,020 "
2017,250,France ," 1,058,260 "
2017,262,Djibouti ," 11,564,556 "
2017,266,Gabon ," 3,116 "
2017,268,Georgia ," 57,806 "
2017,270,Gambia ," 90,434 "
2017,280,Germany ," 2,206,425 "
2017,288,Ghana ," 933,700 "
2017,292,Gibraltar ," 4,075,181 "
2017,300,Greece ," 295,570 "
2017,316,Guam ," 5,774 "
2017,320,Guatemala ," 102,937 "
2017,324,Guinea ," 90,861 "
2017,332,Haiti , -   
2017,340,Honduras , -   
2017,344,Hong Kong ," 4,288,721 "
2017,348,Hungary," 39,531 "
2017,352,Iceland , -   
2017,356,India ," 310,687,624 "
2017,360,Indonesia ," 61,882,214 "
2017,364,Iran ," 5,908,893 "
2017,368,Iraq ," 32,104,745 "
2017,372,Ireland ," 15,055 "
2017,380,Italy ," 2,683,397 "
2017,384,Ivory Coast," 249,926 "
2017,388,Jamaica ," 43,396 "
2017,392,Japan ," 21,686,411 "
2017,398,Kazakhstan , 438 
2017,400,Jordan ," 9,996,836 "
2017,404,Kenya ," 14,716,128 "
2017,410,South Korea," 44,097,844 "
2017,414,Kuwait ," 118,117,509 "
2017,417,Kyrgyzstan," 3,316 "
2017,418,Laos , -   
2017,422,Lebanon ," 4,231,282 "
2017,428,Latvia , -   
2017,430,Liberia ," 387,901 "
2017,434,Libya ," 3,145,103 "
2017,438,Liechtenstein, -   
2017,440,Lithuania ," 20,899 "
2017,442,Luxembourg , 23 
2017,446,Macao , -   
2017,450,Madagascar ," 224,422 "
2017,454,Malawi , -   
2017,458,Malaysia ," 76,577,696 "
2017,462,Maldives ," 3,627,073 "
2017,466,Mali ," 1,682 "
2017,470,Malta ," 19,831 "
2017,478,Mauritania ," 221,959 "
2017,480,Mauritius ," 1,846,138 "
2017,484,Mexico ," 4,978,409 "
2017,498,Moldova, -   
2017,504,Morocco ," 3,340,076 "
2017,508,Mozambique ," 22,556,219 "
2017,512,Oman - Free Zones," 34,131 "
2017,516,Namibia," 5,564 "
2017,524,Nepal ," 2,386 "
2017,528,Netherlands ," 25,779,223 "
2017,540,New Caledonia," 29,732 "
2017,554,New Zealand ," 2,505,985 "
2017,558,Nicaragua , -   
2017,562,Niger , 210 
2017,566,Nigeria ," 1,634,757 "
2017,578,Norway ," 5,435 "
2017,586,Pakistan ," 41,601,304 "
2017,590,Panama ," 239,455 "
2017,598,Papua New Guinea," 102,239 "
2017,600,Paraguay ," 152,455 "
2017,604,Peru ," 473,246 "
2017,608,Philippines ," 3,030,632 "
2017,616,Poland ," 201,328 "
2017,620,Portugal ," 825,096 "
2017,624,Guinea-Bissau," 47,929 "
2017,630,Puerto Rico ," 44,776 "
2017,634,Qatar ," 210,263,168 "
2017,642,Romania ," 824,101 "
2017,643,Russia ," 1,102,832 "
2017,646,Rwanda ," 56,369 "
2017,682,Saudi Arabia," 487,204,905 "
2017,686,Senegal ," 937,153 "
2017,690,Seychelles," 2,383,161 "
2017,694,Sierra Leone ," 146,784 "
2017,702,Singapore ," 21,675,560 "
2017,703,Slovakia , -   
2017,704,Vietnam ," 27,207,895 "
2017,705,Slovania ," 612,164 "
2017,706,Somalia ," 60,184,150 "
2017,710,South Africa," 33,472,547 "
2017,716,Zimbabwe , 23 
2017,720,Yemen ," 77,117,071 "
2017,724,Spain ," 13,215,935 "
2017,728,South Sudan, -   
2017,736,Sudan ," 3,657,841 "
2017,740,Suriname," 4,699 "
2017,748,Swaziland , -   
2017,752,Sweden ," 39,920 "
2017,756,Switzerland ," 11,742 "
2017,760,Syria ," 2,206,043 "
2017,762,Tajikistan , -   
2017,764,Thailand ," 15,700,354 "
2017,768,Togo ," 217,604 "
2017,780,Trinidad And Tobago," 180,082 "
2017,784,United Arab Emirates," 711,152,014 "
2017,788,Tunisia ," 628,580 "
2017,792,Turkey ," 18,793,482 "
2017,795,Trukmenistan , -   
2017,800,Uganda ," 39,208 "
2017,804,Ukrania ," 1,098,678 "
2017,807,Macedonia, -   
2017,818,Egypt ," 32,949,864 "
2017,826,United Kingdom," 16,997,164 "
2017,834,Tanzania ," 7,175,024 "
2017,840,United States," 101,635,656 "
2017,854,Burkina Faso, 63 
2017,858,Uruguay ," 297,577 "
2017,860,Uzbakistan, 517 
2017,862,Venezuela ," 3,046 "
2017,882,Samoa," 14,910 "
2017,890,Jugoslavia , 100 
2017,894,Zambia ," 12,570 "
2017,901,Taiwan ," 45,499,698 "
2017,999,Palestine ," 1,805,077 "
2018,4,Afghanistan ," 84,156 "
2018,8,Albania , -   
2018,12,Algeria ," 3,123,800 "
2018,24,Angola ," 3,506,582 "
2018,31,Azerbaijan , -   
2018,32,Argentina ," 1,987,925 "
2018,36,Australia ," 8,978,306 "
2018,40,Austria ," 22,324 "
2018,48,Bahrain ," 39,062,143 "
2018,50,Bangladesh ," 32,205,754 "
2018,51,Armenia , -   
2018,52,Barbados ," 23,798 "
2018,56,Belgium ," 1,920,697 "
2018,68,Bolivia , -   
2018,70,Bosnia And Herzegovina, -   
2018,72,Botswana ," 1,453 "
2018,76,Brazil ," 46,933,091 "
2018,90,Solomon Islands, -   
2018,96,Brunei Darussalam," 2,608,733 "
2018,100,Bulgaria ," 49,627 "
2018,104,Myanmar," 14,208,026 "
2018,108,Burundi ," 2,598 "
2018,112,Belarus , -   
2018,116,Cambodia , -   
2018,120,Cameroon ," 1,195,565 "
2018,124,Canada ," 753,596 "
2018,140,Central African Republic, 468 
2018,144,Sri Lanka ," 13,031,608 "
2018,148,Chad , -   
2018,152,Chile ," 684,720 "
2018,156,China ," 269,346,448 "
2018,170,Colombia ," 2,354,468 "
2018,174,Comoros," 303,610 "
2018,178,Congo ," 337,679 "
2018,180,Democratic Congo," 36,254 "
2018,188,Costa Rica ," 1,237,491 "
2018,191,Croatia ," 23,616 "
2018,192,Cuba , -   
2018,196,Cyprus ," 71,150 "
2018,200,Czech Republic," 36,417 "
2018,204,Benin ," 72,943 "
2018,208,Denmark ," 18,015 "
2018,212,Dominica ," 61,503 "
2018,214,Dominican Republic," 596,726 "
2018,218,Ecuador ," 111,479 "
2018,222,El Salvador ," 2,248,198 "
2018,226,Equatorial Guinea," 127,750 "
2018,230,Ethiopia ," 13,384 "
2018,232,Eritrea ," 374,923 "
2018,233,Estonia," 2,413,629 "
2018,242,Fiji ," 28,842 "
2018,246,Finland ," 808,241 "
2018,250,France ," 3,670,536 "
2018,262,Djibouti ," 12,772,415 "
2018,266,Gabon ," 385,269 "
2018,268,Georgia ," 42,863 "
2018,270,Gambia ," 137,474 "
2018,280,Germany ," 2,897,779 "
2018,288,Ghana ," 2,406,205 "
2018,300,Greece ," 1,074,046 "
2018,320,Guatemala ," 604,724 "
2018,324,Guinea ," 43,440 "
2018,328,Guyana , -   
2018,332,Haiti , -   
2018,340,Honduras ," 142,676 "
2018,344,Hong Kong ," 4,998,994 "
2018,348,Hungary," 3,689 "
2018,352,Iceland , -   
2018,356,India ," 381,210,551 "
2018,360,Indonesia ," 49,428,698 "
2018,364,Iran ," 3,055,596 "
2018,368,Iraq ," 34,242,592 "
2018,372,Ireland ," 51,217 "
2018,380,Italy ," 18,072,166 "
2018,384,Ivory Coast," 2,324,616 "
2018,388,Jamaica ," 69,764 "
2018,392,Japan ," 21,453,019 "
2018,398,Kazakhstan ," 1,054 "
2018,400,Jordan ," 20,068,263 "
2018,404,Kenya ," 20,806,481 "
2018,410,South Korea," 61,733,005 "
2018,414,Kuwait ," 115,808,933 "
2018,417,Kyrgyzstan, -   
2018,418,Laos , -   
2018,422,Lebanon ," 6,711,140 "
2018,428,Latvia , 466 
2018,430,Liberia ," 506,382 "
2018,434,Libya ," 3,669,148 "
2018,438,Liechtenstein, -   
2018,440,Lithuania , 728 
2018,442,Luxembourg , 39 
2018,446,Macao , -   
2018,450,Madagascar ," 137,630 "
2018,454,Malawi , -   
2018,458,Malaysia ," 76,520,543 "
2018,462,Maldives ," 6,278,644 "
2018,466,Mali , 151 
2018,470,Malta ," 308,421 "
2018,478,Mauritania ," 48,225 "
2018,480,Mauritius ," 2,427,628 "
2018,484,Mexico ," 5,623,568 "
2018,498,Moldova, -   
2018,504,Morocco ," 3,959,369 "
2018,508,Mozambique ," 10,269,120 "
2018,512,Oman - Free Zones," 203,338 "
2018,516,Namibia," 3,065 "
2018,524,Nepal ," 90,705 "
2018,528,Netherlands ," 77,250,590 "
2018,540,New Caledonia," 1,140 "
2018,548,Vanuatu ," 6,097 "
2018,554,New Zealand ," 2,044,680 "
2018,558,Nicaragua , -   
2018,562,Niger ," 1,113 "
2018,566,Nigeria ," 3,103,722 "
2018,578,Norway ," 4,765 "
2018,586,Pakistan ," 36,523,547 "
2018,590,Panama ," 35,112 "
2018,598,Papua New Guinea," 26,598 "
2018,600,Paraguay ," 217,620 "
2018,604,Peru ," 1,386,480 "
2018,608,Philippines ," 4,823,099 "
2018,616,Poland ," 896,385 "
2018,620,Portugal ," 919,226 "
2018,630,Puerto Rico ," 44,205 "
2018,634,Qatar ," 348,823,947 "
2018,642,Romania ," 1,775,745 "
2018,643,Russia ," 594,658 "
2018,646,Rwanda ," 4,669 "
2018,682,Saudi Arabia," 611,736,208 "
2018,686,Senegal ," 1,114,647 "
2018,690,Seychelles," 429,211 "
2018,694,Sierra Leone ," 109,087 "
2018,702,Singapore ," 20,657,277 "
2018,703,Slovakia , -   
2018,704,Vietnam ," 62,580,467 "
2018,705,Slovania ," 147,064 "
2018,706,Somalia ," 42,864,281 "
2018,710,South Africa," 18,069,509 "
2018,716,Zimbabwe , -   
2018,720,Yemen ," 126,394,910 "
2018,724,Spain ," 3,032,678 "
2018,728,South Sudan, -   
2018,736,Sudan ," 4,341,522 "
2018,740,Suriname, -   
2018,752,Sweden ," 1,029,568 "
2018,756,Switzerland ," 6,779 "
2018,760,Syria ," 1,607,682 "
2018,762,Tajikistan , -   
2018,764,Thailand ," 31,197,637 "
2018,768,Togo ," 211,525 "
2018,776,Tonga ," 5,925 "
2018,780,Trinidad And Tobago," 354,113 "
2018,784,United Arab Emirates," 687,393,823 "
2018,788,Tunisia ," 1,025,434 "
2018,792,Turkey ," 11,381,366 "
2018,795,Trukmenistan ," 3,641 "
2018,800,Uganda ," 9,658 "
2018,804,Ukrania ," 2,039,892 "
2018,807,Macedonia, -   
2018,818,Egypt ," 30,742,472 "
2018,826,United Kingdom," 6,567,280 "
2018,834,Tanzania ," 5,746,415 "
2018,840,United States," 219,117,948 "
2018,854,Burkina Faso, 739 
2018,858,Uruguay ," 2,451,193 "
2018,860,Uzbakistan," 1,303 "
2018,862,Venezuela ," 1,063 "
2018,882,Samoa," 27,309 "
2018,890,Jugoslavia ," 2,972 "
2018,894,Zambia , 897 
2018,901,Taiwan ," 30,138,649 "
2018,999,Palestine ," 955,626 "
2019,4,Afghanistan ," 19,124 "
2019,8,Albania ," 1,364,551 "
2019,12,Algeria ," 3,241,137 "
2019,24,Angola ," 3,893,283 "
2019,31,Azerbaijan ," 3,000 "
2019,32,Argentina ," 21,853 "
2019,36,Australia ," 2,194,243 "
2019,40,Austria ," 25,118 "
2019,48,Bahrain ," 48,717,591 "
2019,50,Bangladesh ," 29,688,197 "
2019,51,Armenia , -   
2019,52,Barbados ," 6,222 "
2019,56,Belgium ," 2,977,215 "
2019,68,Bolivia , -   
2019,70,Bosnia And Herzegovina, -   
2019,72,Botswana , -   
2019,76,Brazil ," 12,939,533 "
2019,84,Belize ," 3,089 "
2019,96,Brunei Darussalam," 24,310 "
2019,100,Bulgaria , -   
2019,104,Myanmar," 4,727,784 "
2019,108,Burundi ," 31,657 "
2019,112,Belarus ," 26,230 "
2019,116,Cambodia , -   
2019,120,Cameroon ," 3,090,263 "
2019,124,Canada ," 2,418,582 "
2019,140,Central African Republic, -   
2019,144,Sri Lanka ," 5,582,210 "
2019,148,Chad , -   
2019,152,Chile ," 918,907 "
2019,156,China ," 219,197,411 "
2019,170,Colombia ," 5,566,552 "
2019,174,Comoros," 407,587 "
2019,178,Congo ," 224,510 "
2019,180,Democratic Congo," 64,673 "
2019,188,Costa Rica ," 2,702,469 "
2019,191,Croatia ," 12,542 "
2019,192,Cuba ," 1,155 "
2019,196,Cyprus ," 83,491 "
2019,200,Czech Republic," 17,624 "
2019,204,Benin ," 587,125 "
2019,208,Denmark ," 32,732 "
2019,214,Dominican Republic," 788,201 "
2019,218,Ecuador ," 230,778 "
2019,222,El Salvador ," 1,541,605 "
2019,226,Equatorial Guinea," 6,338 "
2019,230,Ethiopia ," 4,314 "
2019,232,Eritrea , -   
2019,233,Estonia," 14,783 "
2019,242,Fiji ," 5,635 "
2019,246,Finland ," 121,052 "
2019,250,France ," 5,151,385 "
2019,262,Djibouti ," 17,946,461 "
2019,266,Gabon ," 277,248 "
2019,268,Georgia ," 22,977 "
2019,270,Gambia ," 30,622 "
2019,280,Germany ," 2,317,544 "
2019,288,Ghana ," 725,827 "
2019,292,Gibraltar , -   
2019,300,Greece ," 581,022 "
2019,320,Guatemala ," 341,596 "
2019,324,Guinea ," 149,877 "
2019,328,Guyana , -   
2019,344,Hong Kong ," 3,166,418 "
2019,348,Hungary," 1,972 "
2019,352,Iceland , 526 
2019,356,India ," 321,710,693 "
2019,360,Indonesia ," 18,593,317 "
2019,364,Iran ," 1,111,599 "
2019,368,Iraq ," 32,717,487 "
2019,372,Ireland ," 99,942 "
2019,380,Italy ," 18,598,823 "
2019,384,Ivory Coast," 2,081,245 "
2019,388,Jamaica ," 148,385 "
2019,392,Japan ," 23,289,787 "
2019,398,Kazakhstan , 853 
2019,400,Jordan ," 10,329,181 "
2019,404,Kenya ," 9,822,570 "
2019,410,South Korea," 39,644,455 "
2019,414,Kuwait ," 61,964,695 "
2019,417,Kyrgyzstan, -   
2019,418,Laos , -   
2019,422,Lebanon ," 6,400,570 "
2019,428,Latvia , -   
2019,430,Liberia ," 313,045 "
2019,434,Libya ," 3,308,552 "
2019,438,Liechtenstein, -   
2019,440,Lithuania ," 5,301 "
2019,442,Luxembourg , -   
2019,446,Macao , -   
2019,450,Madagascar ," 246,910 "
2019,454,Malawi , -   
2019,458,Malaysia ," 52,751,774 "
2019,462,Maldives ," 4,488,969 "
2019,466,Mali , -   
2019,470,Malta ," 17,485 "
2019,478,Mauritania ," 4,521 "
2019,480,Mauritius ," 1,792,890 "
2019,484,Mexico ," 5,159,560 "
2019,496,Mongolia , -   
2019,498,Moldova," 1,000 "
2019,504,Morocco ," 2,827,004 "
2019,508,Mozambique ," 4,088,116 "
2019,512,Oman - Free Zones," 6,514,197 "
2019,516,Namibia," 6,237 "
2019,524,Nepal ," 59,061 "
2019,528,Netherlands ," 84,768,004 "
2019,554,New Zealand ," 1,192,277 "
2019,558,Nicaragua , -   
2019,562,Niger , -   
2019,566,Nigeria ," 3,492,173 "
2019,578,Norway ," 35,232 "
2019,586,Pakistan ," 46,085,799 "
2019,590,Panama ," 17,446 "
2019,598,Papua New Guinea," 5,007 "
2019,600,Paraguay ," 194,759 "
2019,604,Peru ," 202,856 "
2019,608,Philippines ," 5,991,839 "
2019,616,Poland ," 380,165 "
2019,620,Portugal ," 1,080,391 "
2019,630,Puerto Rico ," 155,899 "
2019,634,Qatar ," 216,854,591 "
2019,638,Reunion," 107,333 "
2019,642,Romania ," 981,439 "
2019,643,Russia ," 437,469 "
2019,646,Rwanda ," 5,389 "
2019,682,Saudi Arabia," 584,316,920 "
2019,686,Senegal ," 826,719 "
2019,690,Seychelles," 183,149 "
2019,694,Sierra Leone ," 27,182 "
2019,702,Singapore ," 159,661,852 "
2019,703,Slovakia ," 85,082 "
2019,704,Vietnam ," 50,199,147 "
2019,705,Slovania ," 167,483 "
2019,706,Somalia ," 49,295,049 "
2019,710,South Africa," 6,419,817 "
2019,716,Zimbabwe , -   
2019,720,Yemen ," 37,279,445 "
2019,724,Spain ," 9,386,834 "
2019,728,South Sudan, -   
2019,736,Sudan ," 2,711,225 "
2019,740,Suriname," 9,356 "
2019,752,Sweden ," 32,462 "
2019,756,Switzerland ," 103,326 "
2019,760,Syria ," 1,712,011 "
2019,762,Tajikistan , -   
2019,764,Thailand ," 27,056,879 "
2019,768,Togo ," 590,655 "
2019,780,Trinidad And Tobago," 307,362 "
2019,784,United Arab Emirates," 607,621,586 "
2019,788,Tunisia ," 2,085,033 "
2019,792,Turkey ," 41,196,125 "
2019,795,Trukmenistan ," 4,356 "
2019,800,Uganda ," 4,353 "
2019,804,Ukrania ," 2,247,268 "
2019,807,Macedonia, 101 
2019,818,Egypt ," 24,674,602 "
2019,826,United Kingdom," 15,231,250 "
2019,834,Tanzania ," 7,853,212 "
2019,840,United States," 201,048,738 "
2019,854,Burkina Faso, 634 
2019,858,Uruguay ," 457,243 "
2019,860,Uzbakistan," 3,581 "
2019,862,Venezuela ," 48,005 "
2019,882,Samoa," 4,858 "
2019,890,Jugoslavia , -   
2019,894,Zambia ," 28,848 "
2019,901,Taiwan ," 28,389,121 "
2019,999,Palestine ," 1,469,172 "
2020,4,Afghanistan ," 3,550 "
2020,8,Albania ," 942,975 "
2020,12,Algeria ," 32,268,530 "
2020,24,Angola ," 3,523,964 "
2020,31,Azerbaijan ," 9,112 "
2020,32,Argentina ," 2,167,356 "
2020,36,Australia ," 11,528,716 "
2020,40,Austria ," 44,257 "
2020,44,Bahamas, -   
2020,48,Bahrain ," 44,417,716 "
2020,50,Bangladesh ," 30,626,732 "
2020,51,Armenia , -   
2020,56,Belgium ," 11,899,768 "
2020,68,Bolivia , -   
2020,70,Bosnia And Herzegovina, -   
2020,72,Botswana , 506 
2020,76,Brazil ," 36,168,021 "
2020,84,Belize , -   
2020,96,Brunei Darussalam," 25,642 "
2020,100,Bulgaria ," 187,285 "
2020,104,Myanmar," 3,110,220 "
2020,108,Burundi , 500 
2020,112,Belarus ," 1,500 "
2020,116,Cambodia ," 247,623 "
2020,120,Cameroon ," 8,918,001 "
2020,124,Canada ," 19,365,236 "
2020,140,Central African Republic," 3,986,917 "
2020,144,Sri Lanka ," 5,516,330 "
2020,148,Chad ," 2,195 "
2020,152,Chile ," 4,277,254 "
2020,156,China ," 180,034,191 "
2020,170,Colombia ," 2,795,893 "
2020,174,Comoros," 1,578,763 "
2020,175,MAYOTTE," 53,462 "
2020,178,Congo ," 511,834 "
2020,180,Democratic Congo," 2,201,117 "
2020,188,Costa Rica ," 1,116,176 "
2020,191,Croatia ," 195,235 "
2020,196,Cyprus ," 218,639 "
2020,200,Czech Republic," 3,972,719 "
2020,204,Benin ," 3,474,921 "
2020,208,Denmark ," 2,435,678 "
2020,214,Dominican Republic," 424,185 "
2020,218,Ecuador ," 1,666,758 "
2020,222,El Salvador ," 1,373,982 "
2020,226,Equatorial Guinea," 266,858 "
2020,230,Ethiopia ," 1,978 "
2020,232,Eritrea , -   
2020,233,Estonia," 1,500 "
2020,242,Fiji ," 14,828 "
2020,246,Finland ," 28,529 "
2020,250,France ," 2,047,152 "
2020,262,Djibouti ," 9,782,103 "
2020,266,Gabon ," 428,753 "
2020,268,Georgia ," 2,709,896 "
2020,270,Gambia ," 83,498 "
2020,280,Germany ," 3,110,815 "
2020,288,Ghana ," 2,388,232 "
2020,292,Gibraltar , -   
2020,300,Greece ," 1,111,222 "
2020,304,Greenland , -   
2020,312,Guadeloupe ," 55,179 "
2020,320,Guatemala ," 1,673,262 "
2020,324,Guinea ," 291,312 "
2020,332,Haiti ," 12,704 "
2020,340,Honduras ," 496,237 "
2020,344,Hong Kong ," 8,072,780 "
2020,348,Hungary," 55,876 "
2020,352,Iceland , -   
2020,356,India ," 364,643,841 "
2020,360,Indonesia ," 16,547,985 "
2020,364,Iran ," 1,965,607 "
2020,368,Iraq ," 49,338,259 "
2020,372,Ireland ," 2,507,315 "
2020,380,Italy ," 16,938,768 "
2020,384,Ivory Coast," 7,003,072 "
2020,388,Jamaica ," 128,581 "
2020,392,Japan ," 17,027,203 "
2020,398,Kazakhstan , 217 
2020,400,Jordan ," 17,943,363 "
2020,404,Kenya ," 17,098,782 "
2020,408,North Korea, -   
2020,410,South Korea," 49,666,218 "
2020,414,Kuwait ," 81,613,989 "
2020,418,Laos , -   
2020,422,Lebanon ," 4,446,206 "
2020,428,Latvia , 972 
2020,430,Liberia ," 1,136,138 "
2020,434,Libya ," 14,768,532 "
2020,440,Lithuania ," 5,095 "
2020,442,Luxembourg , -   
2020,446,Macao , -   
2020,450,Madagascar ," 3,253,531 "
2020,458,Malaysia ," 72,327,191 "
2020,462,Maldives ," 5,103,568 "
2020,466,Mali , -   
2020,470,Malta ," 140,835 "
2020,474,Martinique , -   
2020,478,Mauritania ," 110,065 "
2020,480,Mauritius ," 3,262,192 "
2020,484,Mexico ," 10,285,820 "
2020,499,Montenegro," 414,971 "
2020,504,Morocco ," 9,972,432 "
2020,508,Mozambique ," 10,846,659 "
2020,512,Oman - Free Zones," 1,999,162 "
2020,516,Namibia, -   
2020,524,Nepal ," 7,149 "
2020,528,Netherlands ," 22,810,651 "
2020,529,ARUBA," 5,141 "
2020,531,CURACAO," 51,622 "
2020,540,New Caledonia," 29,677 "
2020,548,Vanuatu , -   
2020,554,New Zealand ," 1,911,586 "
2020,558,Nicaragua , -   
2020,562,Niger , 475 
2020,566,Nigeria ," 4,586,354 "
2020,574,Norfolk Island, -   
2020,578,Norway ," 16,054 "
2020,581,UNITED STATES MINOR OUTLYING ISLANDS, -   
2020,584,MARSHALL ISLANDS," 234,334 "
2020,586,Pakistan ," 37,448,064 "
2020,590,Panama ," 66,492 "
2020,598,Papua New Guinea," 56,767 "
2020,600,Paraguay ," 4,110,936 "
2020,604,Peru ," 1,272,858 "
2020,608,Philippines ," 4,958,429 "
2020,616,Poland ," 1,630,663 "
2020,620,Portugal ," 665,127 "
2020,626,Timor-Leste, -   
2020,630,Puerto Rico ," 638,803 "
2020,634,Qatar ," 216,278,439 "
2020,638,Reunion," 50,075 "
2020,642,Romania ," 1,107,357 "
2020,643,Russia ," 1,047,252 "
2020,646,Rwanda ," 3,884 "
2020,658,Saint Christopher, -   
2020,674,San Marino, -   
2020,682,Saudi Arabia," 504,638,711 "
2020,686,Senegal ," 2,017,362 "
2020,688,Republic Of Serbia," 2,200 "
2020,690,Seychelles," 430,924 "
2020,694,Sierra Leone ," 81,817 "
2020,702,Singapore ," 84,541,636 "
2020,703,Slovakia ," 32,309 "
2020,704,Vietnam ," 45,952,077 "
2020,705,Slovania ," 120,111 "
2020,706,Somalia ," 57,549,560 "
2020,710,South Africa," 16,108,295 "
2020,716,Zimbabwe ," 1,350 "
2020,720,Yemen ," 57,271,510 "
2020,724,Spain ," 4,200,827 "
2020,728,South Sudan, -   
2020,736,Sudan ," 3,228,138 "
2020,740,Suriname," 77,227 "
2020,752,Sweden ," 130,783 "
2020,756,Switzerland ," 440,104 "
2020,760,Syria ," 2,155,708 "
2020,762,Tajikistan , -   
2020,764,Thailand ," 26,015,338 "
2020,768,Togo ," 1,057,892 "
2020,772,Tokelau , -   
2020,780,Trinidad And Tobago," 820,342 "
2020,784,United Arab Emirates," 551,020,271 "
2020,788,Tunisia ," 2,897,890 "
2020,792,Turkey ," 51,932,359 "
2020,795,Trukmenistan , -   
2020,800,Uganda , 150 
2020,804,Ukrania ," 9,012,909 "
2020,807,Macedonia, -   
2020,818,Egypt ," 62,104,073 "
2020,826,United Kingdom," 21,555,886 "
2020,831,GUERNSEY, -   
2020,832,JERSEY, -   
2020,834,Tanzania ," 15,502,112 "
2020,840,United States," 344,645,941 "
2020,854,Burkina Faso, -   
2020,858,Uruguay ," 550,545 "
2020,860,Uzbakistan," 4,500 "
2020,862,Venezuela ," 29,119 "
2020,882,Samoa," 23,792 "
2020,894,Zambia ," 5,278 "
2020,901,Taiwan ," 38,635,690 "
2020,999,Palestine ," 3,090,652 "
2020,,," 38,462 "
2021,4,Afghanistan , 200 
2021,8,Albania ," 1,797,529 "
2021,12,Algeria ," 45,146,200 "
2021,24,Angola ," 1,656,275 "
2021,31,Azerbaijan ," 15,204 "
2021,32,Argentina ," 19,685,244 "
2021,36,Australia ," 45,149,395 "
2021,40,Austria ," 14,418 "
2021,44,Bahamas, -   
2021,48,Bahrain ," 38,816,767 "
2021,50,Bangladesh ," 33,552,804 "
2021,51,Armenia ," 5,970 "
2021,52,Barbados ," 8,031 "
2021,56,Belgium ," 37,479,451 "
2021,60,Bermuda, -   
2021,68,Bolivia ," 3,850 "
2021,70,Bosnia And Herzegovina, -   
2021,72,Botswana ," 23,321 "
2021,76,Brazil ," 113,980,025 "
2021,84,Belize , -   
2021,96,Brunei Darussalam," 15,271 "
2021,100,Bulgaria ," 244,970 "
2021,104,Myanmar," 4,469,854 "
2021,108,Burundi , -   
2021,112,Belarus , -   
2021,116,Cambodia ," 443,562 "
2021,120,Cameroon ," 14,990,784 "
2021,124,Canada ," 15,823,632 "
2021,132,Cape Verde ," 12,748 "
2021,144,Sri Lanka ," 15,860,306 "
2021,148,Chad , -   
2021,152,Chile ," 10,374,946 "
2021,156,China ," 366,879,873 "
2021,170,Colombia ," 17,201,210 "
2021,174,Comoros," 734,089 "
2021,175,MAYOTTE," 2,503,353 "
2021,178,Congo ," 1,294,529 "
2021,180,Democratic Congo," 2,498,051 "
2021,188,Costa Rica ," 2,681,206 "
2021,191,Croatia ," 60,108 "
2021,192,Cuba , -   
2021,196,Cyprus ," 193,211 "
2021,200,Czech Republic," 4,999,352 "
2021,204,Benin ," 4,538,381 "
2021,208,Denmark ," 891,273 "
2021,212,Dominica ," 12,350 "
2021,214,Dominican Republic," 1,276,057 "
2021,218,Ecuador ," 3,924,366 "
2021,222,El Salvador ," 3,066,605 "
2021,226,Equatorial Guinea," 1,214,448 "
2021,230,Ethiopia ," 2,064 "
2021,232,Eritrea ," 3,050,800 "
2021,233,Estonia," 708,444 "
2021,242,Fiji ," 5,399 "
2021,246,Finland ," 289,213 "
2021,250,France ," 4,024,011 "
2021,254,French Guiana," 27,297 "
2021,262,Djibouti ," 18,555,424 "
2021,266,Gabon ," 357,054 "
2021,268,Georgia ," 1,171,596 "
2021,270,Gambia ," 1,264,330 "
2021,280,Germany ," 5,953,803 "
2021,288,Ghana ," 3,831,772 "
2021,300,Greece ," 3,957,203 "
2021,304,Greenland , -   
2021,312,Guadeloupe ," 78,160 "
2021,316,Guam , -   
2021,320,Guatemala ," 2,900,901 "
2021,324,Guinea ," 1,082,122 "
2021,328,Guyana ," 31,029 "
2021,340,Honduras ," 996,046 "
2021,344,Hong Kong ," 23,305,603 "
2021,348,Hungary," 52,082 "
2021,352,Iceland , -   
2021,356,India ," 474,248,736 "
2021,360,Indonesia ," 60,309,525 "
2021,364,Iran ," 1,199,144 "
2021,368,Iraq ," 41,142,326 "
2021,372,Ireland ," 2,586,444 "
2021,380,Italy ," 20,263,062 "
2021,384,Ivory Coast," 6,098,367 "
2021,388,Jamaica ," 52,409 "
2021,392,Japan ," 12,956,729 "
2021,398,Kazakhstan ," 107,810 "
2021,400,Jordan ," 22,685,865 "
2021,404,Kenya ," 16,437,312 "
2021,408,North Korea, -   
2021,410,South Korea," 88,230,551 "
2021,414,Kuwait ," 87,851,118 "
2021,417,Kyrgyzstan, 88 
2021,418,Laos , -   
2021,422,Lebanon ," 4,405,499 "
2021,428,Latvia ," 4,578 "
2021,430,Liberia ," 2,267,815 "
2021,434,Libya ," 10,582,894 "
2021,440,Lithuania ," 163,311 "
2021,442,Luxembourg , 641 
2021,450,Madagascar ," 26,092,352 "
2021,454,Malawi ," 7,700 "
2021,458,Malaysia ," 61,287,429 "
2021,462,Maldives ," 39,756,355 "
2021,466,Mali , -   
2021,470,Malta ," 596,493 "
2021,474,Martinique ," 24,702 "
2021,478,Mauritania ," 2,386,157 "
2021,480,Mauritius ," 5,011,304 "
2021,484,Mexico ," 18,036,111 "
2021,492,Monaco , -   
2021,496,Mongolia , -   
2021,499,Montenegro," 397,590 "
2021,500,Montserrat , -   
2021,504,Morocco ," 7,894,123 "
2021,508,Mozambique ," 25,827,128 "
2021,512,Oman - Free Zones," 9,927,445 "
2021,516,Namibia, -   
2021,524,Nepal ," 14,744 "
2021,528,Netherlands ," 71,843,992 "
2021,529,ARUBA," 3,512 "
2021,534,SINT MAARTEN (DUTCH PART), 561 
2021,540,New Caledonia," 29,094 "
2021,548,Vanuatu ," 10,146 "
2021,554,New Zealand ," 3,347,649 "
2021,558,Nicaragua , -   
2021,562,Niger ," 2,863 "
2021,566,Nigeria ," 10,503,487 "
2021,578,Norway ," 1,002 "
2021,581,UNITED STATES MINOR OUTLYING ISLANDS, -   
2021,584,MARSHALL ISLANDS," 2,591 "
2021,586,Pakistan ," 54,951,946 "
2021,590,Panama ," 69,518 "
2021,598,Papua New Guinea," 78,664 "
2021,600,Paraguay ," 5,085,554 "
2021,604,Peru ," 12,375,833 "
2021,608,Philippines ," 4,663,200 "
2021,616,Poland ," 2,857,339 "
2021,620,Portugal ," 2,263,424 "
2021,630,Puerto Rico ," 801,462 "
2021,634,Qatar ," 229,721,130 "
2021,638,Reunion," 197,417 "
2021,642,Romania ," 3,381,493 "
2021,643,Russia ," 1,198,990 "
2021,646,Rwanda ," 22,427 "
2021,654,Saint Helena, -   
2021,658,Saint Christopher, -   
2021,674,San Marino, -   
2021,682,Saudi Arabia," 552,458,093 "
2021,686,Senegal ," 1,954,378 "
2021,688,Republic Of Serbia," 10,776 "
2021,690,Seychelles," 3,087,674 "
2021,694,Sierra Leone ," 483,469 "
2021,702,Singapore ," 151,935,137 "
2021,703,Slovakia , -   
2021,704,Vietnam ," 56,865,155 "
2021,705,Slovania ," 5,067,288 "
2021,706,Somalia ," 59,473,468 "
2021,710,South Africa," 56,763,596 "
2021,716,Zimbabwe , 500 
2021,720,Yemen ," 95,675,079 "
2021,724,Spain ," 25,348,717 "
2021,728,South Sudan, -   
2021,736,Sudan ," 2,345,005 "
2021,740,Suriname," 235,404 "
2021,752,Sweden ," 401,475 "
2021,756,Switzerland ," 1,859,230 "
2021,760,Syria ," 3,273,465 "
2021,762,Tajikistan , -   
2021,764,Thailand ," 64,571,185 "
2021,768,Togo ," 4,144,782 "
2021,772,Tokelau , -   
2021,776,Tonga , -   
2021,780,Trinidad And Tobago," 9,354,417 "
2021,784,United Arab Emirates," 745,612,704 "
2021,788,Tunisia ," 3,113,646 "
2021,792,Turkey ," 123,642,289 "
2021,795,Trukmenistan , -   
2021,798,Tuvalu , -   
2021,800,Uganda ," 15,204 "
2021,804,Ukrania ," 5,011,931 "
2021,807,Macedonia, -   
2021,818,Egypt ," 144,854,741 "
2021,826,United Kingdom," 27,194,996 "
2021,831,GUERNSEY, -   
2021,832,JERSEY, -   
2021,834,Tanzania ," 35,291,179 "
2021,840,United States," 628,479,435 "
2021,854,Burkina Faso, -   
2021,858,Uruguay ," 12,833,581 "
2021,860,Uzbakistan, 847 
2021,862,Venezuela ," 14,029 "
2021,882,Samoa," 19,464 "
2021,894,Zambia ," 51,011 "
2021,901,Taiwan ," 55,417,967 "
2021,999,Palestine ," 4,248,690 "
2022,4,Afghanistan , -   
2022,8,Albania ," 4,556,448 "
2022,12,Algeria ," 68,750,999 "
2022,24,Angola ," 1,254,648 "
2022,31,Azerbaijan ," 59,807 "
2022,32,Argentina ," 1,471,524 "
2022,36,Australia ," 38,238,491 "
2022,40,Austria , 335 
2022,44,Bahamas, -   
2022,48,Bahrain ," 64,338,249 "
2022,50,Bangladesh ," 40,311,278 "
2022,51,Armenia ," 3,962 "
2022,52,Barbados ," 28,360 "
2022,56,Belgium ," 23,746,267 "
2022,68,Bolivia , -   
2022,70,Bosnia And Herzegovina, -   
2022,72,Botswana ," 40,439 "
2022,76,Brazil ," 63,067,271 "
2022,84,Belize , -   
2022,96,Brunei Darussalam," 11,918 "
2022,100,Bulgaria ," 6,073,551 "
2022,104,Myanmar," 8,188,312 "
2022,108,Burundi ," 15,467 "
2022,112,Belarus , -   
2022,116,Cambodia ," 961,850 "
2022,120,Cameroon ," 15,408,795 "
2022,124,Canada ," 27,621,737 "
2022,132,Cape Verde ," 34,624 "
2022,140,Central African Republic," 6,696,551 "
2022,144,Sri Lanka ," 18,490,720 "
2022,148,Chad , -   
2022,152,Chile ," 4,338,245 "
2022,156,China ," 211,821,893 "
2022,166,Cocos Islands, -   
2022,170,Colombia ," 7,207,895 "
2022,174,Comoros," 465,154 "
2022,175,MAYOTTE," 867,307 "
2022,178,Congo ," 1,399,308 "
2022,180,Democratic Congo," 4,585,983 "
2022,188,Costa Rica ," 1,704,345 "
2022,191,Croatia ," 369,970 "
2022,192,Cuba , -   
2022,196,Cyprus ," 431,038 "
2022,200,Czech Republic," 5,359,179 "
2022,204,Benin ," 5,015,380 "
2022,208,Denmark ," 395,447 "
2022,212,Dominica , -   
2022,214,Dominican Republic," 1,317,645 "
2022,218,Ecuador ," 1,186,435 "
2022,222,El Salvador ," 2,530,632 "
2022,226,Equatorial Guinea," 510,981 "
2022,230,Ethiopia ," 1,777 "
2022,232,Eritrea , -   
2022,233,Estonia," 4,125,392 "
2022,242,Fiji ," 113,642 "
2022,246,Finland ," 2,321,160 "
2022,250,France ," 27,499,821 "
2022,258,French Polynesia," 2,787 "
2022,262,Djibouti ," 19,767,242 "
2022,266,Gabon ," 342,832 "
2022,268,Georgia ," 1,557,172 "
2022,270,Gambia ," 1,282,882 "
2022,280,Germany ," 9,376,457 "
2022,288,Ghana ," 5,840,104 "
2022,300,Greece ," 4,267,986 "
2022,312,Guadeloupe ," 66,096 "
2022,320,Guatemala ," 1,643,625 "
2022,324,Guinea ," 1,776,463 "
2022,328,Guyana , -   
2022,332,Haiti ," 235,707 "
2022,340,Honduras ," 264,973 "
2022,344,Hong Kong ," 14,114,440 "
2022,348,Hungary, -   
2022,352,Iceland , -   
2022,356,India ," 839,736,420 "
2022,360,Indonesia ," 31,775,820 "
2022,364,Iran ," 4,124,513 "
2022,368,Iraq ," 74,953,159 "
2022,372,Ireland ," 7,396,444 "
2022,380,Italy ," 28,764,416 "
2022,384,Ivory Coast," 8,758,663 "
2022,388,Jamaica ," 1,080,135 "
2022,392,Japan ," 12,924,707 "
2022,398,Kazakhstan ," 33,142 "
2022,400,Jordan ," 34,208,389 "
2022,404,Kenya ," 62,815,020 "
2022,408,North Korea, -   
2022,410,South Korea," 67,075,881 "
2022,414,Kuwait ," 60,787,530 "
2022,417,Kyrgyzstan, -   
2022,418,Laos , -   
2022,422,Lebanon ," 2,718,341 "
2022,428,Latvia , -   
2022,430,Liberia ," 2,126,797 "
2022,434,Libya ," 65,481,207 "
2022,438,Liechtenstein, -   
2022,440,Lithuania ," 429,447 "
2022,442,Luxembourg ," 18,636 "
2022,446,Macao , -   
2022,450,Madagascar ," 5,328,778 "
2022,454,Malawi , 193 
2022,458,Malaysia ," 108,681,262 "
2022,462,Maldives ," 40,310,085 "
2022,466,Mali , -   
2022,470,Malta ," 984,961 "
2022,474,Martinique , -   
2022,478,Mauritania ," 708,740 "
2022,480,Mauritius ," 22,006,595 "
2022,484,Mexico ," 41,117,882 "
2022,498,Moldova, -   
2022,499,Montenegro," 453,464 "
2022,504,Morocco ," 59,200,661 "
2022,508,Mozambique ," 13,895,599 "
2022,512,Oman - Free Zones," 5,885,715 "
2022,516,Namibia," 56,269 "
2022,520,Nauru , 400 
2022,524,Nepal ," 49,361 "
2022,528,Netherlands ," 79,839,157 "
2022,529,ARUBA," 4,390 "
2022,534,SINT MAARTEN (DUTCH PART), 503 
2022,540,New Caledonia," 31,849 "
2022,554,New Zealand ," 3,790,590 "
2022,558,Nicaragua , -   
2022,562,Niger , -   
2022,566,Nigeria ," 19,417,056 "
2022,578,Norway ," 2,372 "
2022,581,UNITED STATES MINOR OUTLYING ISLANDS, -   
2022,584,MARSHALL ISLANDS, 933 
2022,586,Pakistan ," 69,635,984 "
2022,590,Panama ," 38,182 "
2022,598,Papua New Guinea," 47,467 "
2022,600,Paraguay ," 2,379,207 "
2022,604,Peru ," 2,352,336 "
2022,608,Philippines ," 4,720,108 "
2022,616,Poland ," 10,238,021 "
2022,620,Portugal ," 1,087,953 "
2022,626,Timor-Leste, -   
2022,630,Puerto Rico ," 719,775 "
2022,634,Qatar ," 343,397,270 "
2022,638,Reunion," 1,904,096 "
2022,642,Romania ," 10,233,231 "
2022,643,Russia ," 582,602 "
2022,646,Rwanda ," 127,706 "
2022,652,SAINT BARTHELEMY," 13,411 "
2022,658,Saint Christopher, -   
2022,663,SINT MAARTEN (FRENCH PART), -   
2022,682,Saudi Arabia," 837,949,419 "
2022,686,Senegal ," 2,798,885 "
2022,688,Republic Of Serbia, 429 
2022,690,Seychelles," 355,497 "
2022,694,Sierra Leone ," 157,063 "
2022,702,Singapore ," 216,586,709 "
2022,703,Slovakia ," 2,945 "
2022,704,Vietnam ," 58,552,447 "
2022,705,Slovania ," 8,504,028 "
2022,706,Somalia ," 62,582,848 "
2022,710,South Africa," 23,963,842 "
2022,716,Zimbabwe , 81 
2022,720,Yemen ," 104,015,106 "
2022,724,Spain ," 26,696,623 "
2022,728,South Sudan, -   
2022,736,Sudan ," 4,817,641 "
2022,740,Suriname," 261,864 "
2022,752,Sweden ," 2,481,704 "
2022,756,Switzerland ," 450,151 "
2022,760,Syria ," 2,831,268 "
2022,762,Tajikistan , -   
2022,764,Thailand ," 27,956,149 "
2022,768,Togo ," 1,475,327 "
2022,772,Tokelau , -   
2022,776,Tonga , -   
2022,780,Trinidad And Tobago," 564,749 "
2022,784,United Arab Emirates," 767,080,603 "
2022,788,Tunisia ," 4,953,247 "
2022,792,Turkey ," 124,675,115 "
2022,795,Trukmenistan , -   
2022,800,Uganda ," 2,514 "
2022,804,Ukrania ," 732,346 "
2022,807,Macedonia, -   
2022,818,Egypt ," 292,537,163 "
2022,826,United Kingdom," 25,752,427 "
2022,832,JERSEY, -   
2022,834,Tanzania ," 36,217,601 "
2022,840,United States," 829,987,643 "
2022,854,Burkina Faso, -   
2022,858,Uruguay ," 9,706,101 "
2022,860,Uzbakistan, 100 
2022,862,Venezuela , 78 
2022,882,Samoa," 10,372 "
2022,894,Zambia ," 45,052 "
2022,901,Taiwan ," 45,740,772 "
2022,999,Palestine ," 2,382,588 "
2023,4,Afghanistan , -   
2023,8,Albania ," 811,186 "
2023,12,Algeria ," 41,142,993 "
2023,24,Angola ," 2,846,406 "
2023,31,Azerbaijan ," 33,804 "
2023,32,Argentina ," 5,504,925 "
2023,36,Australia ," 41,101,653 "
2023,40,Austria ," 135,835 "
2023,44,Bahamas," 41,731 "
2023,48,Bahrain ," 41,642,073 "
2023,50,Bangladesh ," 30,588,373 "
2023,51,Armenia , -   
2023,52,Barbados ," 4,197 "
2023,56,Belgium ," 22,640,419 "
2023,68,Bolivia , -   
2023,70,Bosnia And Herzegovina, -   
2023,72,Botswana ," 17,830 "
2023,76,Brazil ," 42,125,069 "
2023,84,Belize , -   
2023,86,British Indian Ocean Territory, -   
2023,96,Brunei Darussalam," 11,236 "
2023,100,Bulgaria ," 9,261,407 "
2023,104,Myanmar," 14,473,259 "
2023,108,Burundi ," 43,460 "
2023,112,Belarus , -   
2023,116,Cambodia ," 1,150,549 "
2023,120,Cameroon ," 6,833,534 "
2023,124,Canada ," 25,311,152 "
2023,132,Cape Verde ," 46,074 "
2023,144,Sri Lanka ," 4,612,765 "
2023,148,Chad , -   
2023,152,Chile ," 2,365,465 "
2023,156,China ," 203,807,603 "
2023,162,Christmas Island, -   
2023,170,Colombia ," 2,826,963 "
2023,174,Comoros," 629,646 "
2023,175,MAYOTTE," 162,959 "
2023,178,Congo ," 8,217,276 "
2023,180,Democratic Congo," 1,875,923 "
2023,188,Costa Rica ," 1,052,478 "
2023,191,Croatia ," 1,430,107 "
2023,192,Cuba , -   
2023,196,Cyprus ," 1,728,082 "
2023,200,Czech Republic," 7,074,082 "
2023,204,Benin ," 14,893,439 "
2023,208,Denmark ," 1,680,799 "
2023,212,Dominica , -   
2023,214,Dominican Republic," 12,081,034 "
2023,218,Ecuador ," 849,179 "
2023,222,El Salvador ," 542,133 "
2023,226,Equatorial Guinea," 1,065,255 "
2023,230,Ethiopia ," 4,230 "
2023,232,Eritrea , -   
2023,233,Estonia," 4,749,690 "
2023,242,Fiji ," 14,015 "
2023,246,Finland ," 5,484,402 "
2023,250,France ," 16,651,008 "
2023,258,French Polynesia, -   
2023,262,Djibouti ," 26,399,899 "
2023,266,Gabon ," 841,908 "
2023,268,Georgia ," 1,373,451 "
2023,270,Gambia ," 2,401,396 "
2023,280,Germany ," 14,530,429 "
2023,288,Ghana ," 12,312,456 "
2023,292,Gibraltar , -   
2023,300,Greece ," 12,288,035 "
2023,304,Greenland , -   
2023,312,Guadeloupe ," 77,388 "
2023,316,Guam , -   
2023,320,Guatemala ," 1,053,748 "
2023,324,Guinea ," 5,875,122 "
2023,328,Guyana ," 14,514 "
2023,332,Haiti ," 258,578 "
2023,336,Vatican City, -   
2023,340,Honduras ," 323,539 "
2023,344,Hong Kong ," 7,686,702 "
2023,348,Hungary," 48,011 "
2023,352,Iceland , -   
2023,356,India ," 795,905,234 "
2023,360,Indonesia ," 59,367,784 "
2023,364,Iran ," 1,948,361 "
2023,368,Iraq ," 46,199,684 "
2023,372,Ireland ," 1,470,277 "
2023,380,Italy ," 64,757,715 "
2023,384,Ivory Coast," 7,520,644 "
2023,388,Jamaica ," 127,784 "
2023,392,Japan ," 36,044,439 "
2023,398,Kazakhstan ," 272,908 "
2023,400,Jordan ," 35,296,341 "
2023,404,Kenya ," 29,282,581 "
2023,408,North Korea, -   
2023,410,South Korea," 123,526,251 "
2023,414,Kuwait ," 62,866,581 "
2023,417,Kyrgyzstan, -   
2023,418,Laos , -   
2023,422,Lebanon ," 3,286,124 "
2023,426,Lesotho , -   
2023,428,Latvia ," 13,000 "
2023,430,Liberia ," 2,531,746 "
2023,434,Libya ," 20,865,410 "
2023,438,Liechtenstein, -   
2023,440,Lithuania ," 1,944,211 "
2023,442,Luxembourg , 248 
2023,446,Macao , -   
2023,450,Madagascar ," 4,216,948 "
2023,454,Malawi ," 35,036 "
2023,458,Malaysia ," 96,676,236 "
2023,462,Maldives ," 4,407,670 "
2023,466,Mali , -   
2023,470,Malta ," 424,494 "
2023,474,Martinique , -   
2023,478,Mauritania ," 1,022,498 "
2023,480,Mauritius ," 5,322,896 "
2023,484,Mexico ," 20,624,432 "
2023,492,Monaco , -   
2023,496,Mongolia , -   
2023,498,Moldova, -   
2023,499,Montenegro," 1,403,049 "
2023,504,Morocco ," 57,046,724 "
2023,508,Mozambique ," 70,188,694 "
2023,512,Oman - Free Zones," 4,198,550 "
2023,516,Namibia," 80,948 "
2023,520,Nauru , -   
2023,524,Nepal ," 18,680 "
2023,528,Netherlands ," 20,130,221 "
2023,529,ARUBA," 9,034 "
2023,531,CURACAO, -   
2023,548,Vanuatu , -   
2023,554,New Zealand ," 1,187,445 "
2023,558,Nicaragua , -   
2023,562,Niger , -   
2023,566,Nigeria ," 11,560,100 "
2023,578,Norway ," 2,276,125 "
2023,580,NORTHERN MARIANA ISLANDS, -   
2023,581,UNITED STATES MINOR OUTLYING ISLANDS, -   
2023,584,MARSHALL ISLANDS," 10,564 "
2023,586,Pakistan ," 50,332,407 "
2023,590,Panama ," 117,415 "
2023,598,Papua New Guinea," 56,450 "
2023,600,Paraguay ," 1,345,391 "
2023,604,Peru ," 453,713 "
2023,608,Philippines ," 5,011,638 "
2023,616,Poland ," 7,548,525 "
2023,620,Portugal ," 8,246,366 "
2023,630,Puerto Rico ," 133,588 "
2023,634,Qatar ," 226,555,004 "
2023,638,Reunion," 148,017 "
2023,642,Romania ," 12,883,260 "
2023,643,Russia ," 3,350,047 "
2023,646,Rwanda ," 88,299 "
2023,658,Saint Christopher, -   
2023,674,San Marino, -   
2023,682,Saudi Arabia," 1,000,120,515 "
2023,686,Senegal ," 9,282,905 "
2023,688,Republic Of Serbia," 1,029 "
2023,690,Seychelles," 444,818 "
2023,694,Sierra Leone ," 808,268 "
2023,702,Singapore ," 165,107,279 "
2023,703,Slovakia , -   
2023,704,Vietnam ," 64,025,190 "
2023,705,Slovania ," 6,717,828 "
2023,706,Somalia ," 57,553,738 "
2023,710,South Africa," 22,980,024 "
2023,716,Zimbabwe ," 25,883 "
2023,720,Yemen ," 112,517,239 "
2023,724,Spain ," 31,148,034 "
2023,728,South Sudan, -   
2023,736,Sudan ," 7,187,258 "
2023,740,Suriname," 7,238 "
2023,752,Sweden ," 3,200,562 "
2023,756,Switzerland ," 103,252 "
2023,760,Syria ," 2,041,905 "
2023,762,Tajikistan , -   
2023,764,Thailand ," 44,978,987 "
2023,768,Togo ," 2,247,731 "
2023,780,Trinidad And Tobago," 379,396 "
2023,784,United Arab Emirates," 834,898,597 "
2023,788,Tunisia ," 2,044,655 "
2023,792,Turkey ," 98,269,955 "
2023,795,Trukmenistan , -   
2023,796,Turks And Caicos Islands, -   
2023,800,Uganda ," 10,842 "
2023,804,Ukrania ," 81,270 "
2023,807,Macedonia, -   
2023,818,Egypt ," 325,815,918 "
2023,826,United Kingdom," 20,578,668 "
2023,831,GUERNSEY, -   
2023,832,JERSEY, -   
2023,834,Tanzania ," 23,988,025 "
2023,840,United States," 433,232,593 "
2023,858,Uruguay ," 276,633 "
2023,860,Uzbakistan, 62 
2023,862,Venezuela , -   
2023,882,Samoa," 11,225 "
2023,894,Zambia ," 48,539 "
2023,901,Taiwan ," 41,647,102 "
2023,999,Palestine ," 2,786,657 "
2024,4,Afghanistan ," 1,324 "
2024,8,Albania ," 528,853 "
2024,12,Algeria ," 61,113,284 "
2024,20,Andorra , -   
2024,24,Angola ," 2,019,589 "
2024,28,Antigua And Barbuda, -   
2024,31,Azerbaijan ," 12,971 "
2024,32,Argentina ," 1,572,229 "
2024,36,Australia ," 90,349,748 "
2024,40,Austria ," 12,092 "
2024,44,Bahamas," 2,190 "
2024,48,Bahrain ," 39,455,396 "
2024,50,Bangladesh ," 38,550,062 "
2024,51,Armenia , -   
2024,52,Barbados ," 11,969 "
2024,56,Belgium ," 9,345,658 "
2024,64,Bhutan , -   
2024,68,Bolivia , -   
2024,70,Bosnia And Herzegovina, -   
2024,72,Botswana , -   
2024,76,Brazil ," 28,826,087 "
2024,90,Solomon Islands," 3,397 "
2024,92,British Virgin Islands, -   
2024,96,Brunei Darussalam," 12,238 "
2024,100,Bulgaria ," 8,106,099 "
2024,104,Myanmar," 3,480,479 "
2024,108,Burundi ," 32,454 "
2024,112,Belarus , 129 
2024,116,Cambodia ," 2,565,690 "
2024,120,Cameroon ," 9,625,853 "
2024,124,Canada ," 25,166,760 "
2024,132,Cape Verde ," 34,751 "
2024,144,Sri Lanka ," 5,632,295 "
2024,148,Chad , -   
2024,152,Chile ," 2,514,473 "
2024,156,China ," 155,706,746 "
2024,170,Colombia ," 14,158,541 "
2024,174,Comoros," 385,721 "
2024,175,MAYOTTE," 166,574 "
2024,178,Congo ," 1,456,045 "
2024,180,Democratic Congo," 1,321,187 "
2024,188,Costa Rica ," 537,222 "
2024,191,Croatia ," 5,422,505 "
2024,196,Cyprus ," 2,564,044 "
2024,200,Czech Republic," 8,811,707 "
2024,204,Benin ," 3,497,203 "
2024,208,Denmark ," 6,746,030 "
2024,212,Dominica , -   
2024,214,Dominican Republic," 26,167,898 "
2024,218,Ecuador ," 40,067 "
2024,222,El Salvador ," 475,613 "
2024,226,Equatorial Guinea," 635,295 "
2024,230,Ethiopia ," 3,629 "
2024,232,Eritrea ," 14,699 "
2024,233,Estonia," 5,059,228 "
2024,238,Falkland Islands, -   
2024,242,Fiji ," 78,420 "
2024,246,Finland ," 3,297,615 "
2024,250,France ," 7,119,460 "
2024,258,French Polynesia, -   
2024,262,Djibouti ," 29,682,892 "
2024,266,Gabon ," 298,301 "
2024,268,Georgia ," 1,010,896 "
2024,270,Gambia ," 3,094,806 "
2024,280,Germany ," 11,796,177 "
2024,288,Ghana ," 16,059,530 "
2024,296,Kiribati , -   
2024,300,Greece ," 40,442,330 "
2024,308,Grenada ," 3,563 "
2024,312,Guadeloupe , -   
2024,320,Guatemala ," 1,911,974 "
2024,324,Guinea ," 5,711,783 "
2024,328,Guyana ," 55,253 "
2024,332,Haiti ," 82,539 "
2024,340,Honduras ," 412,576 "
2024,344,Hong Kong ," 6,622,790 "
2024,348,Hungary," 478,723 "
2024,352,Iceland , 401 
2024,356,India ," 659,371,808 "
2024,360,Indonesia ," 32,141,537 "
2024,364,Iran ," 2,147,382 "
2024,368,Iraq ," 57,260,475 "
2024,372,Ireland ," 2,436,240 "
2024,380,Italy ," 48,131,331 "
2024,384,Ivory Coast," 7,098,446 "
2024,388,Jamaica ," 91,325 "
2024,392,Japan ," 81,792,424 "
2024,398,Kazakhstan ," 34,945 "
2024,400,Jordan ," 32,016,801 "
2024,404,Kenya ," 31,704,683 "
2024,408,North Korea, -   
2024,410,South Korea," 655,545,505 "
2024,414,Kuwait ," 83,487,057 "
2024,417,Kyrgyzstan, -   
2024,418,Laos , -   
2024,422,Lebanon ," 5,605,375 "
2024,428,Latvia , -   
2024,430,Liberia ," 4,192,967 "
2024,434,Libya ," 16,534,009 "
2024,438,Liechtenstein, -   
2024,440,Lithuania ," 3,330,983 "
2024,442,Luxembourg , -   
2024,446,Macao , -   
2024,450,Madagascar ," 628,061 "
2024,454,Malawi ," 91,945 "
2024,458,Malaysia ," 63,172,581 "
2024,462,Maldives ," 16,011,798 "
2024,466,Mali , -   
2024,470,Malta ," 2,850,396 "
2024,478,Mauritania ," 1,320,385 "
2024,480,Mauritius ," 6,522,373 "
2024,484,Mexico ," 18,571,116 "
2024,496,Mongolia , -   
2024,498,Moldova, -   
2024,499,Montenegro, -   
2024,504,Morocco ," 68,668,727 "
2024,508,Mozambique ," 30,580,072 "
2024,512,Oman - Free Zones," 8,239,121 "
2024,516,Namibia," 170,971 "
2024,520,Nauru , -   
2024,524,Nepal ," 15,543 "
2024,528,Netherlands ," 41,441,629 "
2024,529,ARUBA," 14,163 "
2024,531,CURACAO, -   
2024,534,SINT MAARTEN (DUTCH PART), -   
2024,540,New Caledonia," 30,782 "
2024,554,New Zealand ," 1,774,337 "
2024,558,Nicaragua , -   
2024,562,Niger , -   
2024,566,Nigeria ," 9,526,194 "
2024,578,Norway ," 7,224,242 "
2024,581,UNITED STATES MINOR OUTLYING ISLANDS, -   
2024,584,MARSHALL ISLANDS," 30,718 "
2024,586,Pakistan ," 83,443,074 "
2024,590,Panama ," 82,298 "
2024,598,Papua New Guinea," 33,150 "
2024,600,Paraguay ," 1,896,639 "
2024,604,Peru ," 1,844,189 "
2024,608,Philippines ," 12,796,294 "
2024,612,Pitcairn, -   
2024,616,Poland ," 6,395,240 "
2024,620,Portugal ," 2,071,992 "
2024,630,Puerto Rico ," 42,850 "
2024,634,Qatar ," 171,546,771 "
2024,638,Reunion," 158,125 "
2024,642,Romania ," 12,277,050 "
2024,643,Russia ," 1,286,079 "
2024,646,Rwanda , -   
2024,654,Saint Helena, -   
2024,658,Saint Christopher, -   
2024,659,SAINT KITTS AND NEVIS, -   
2024,660,ANGUILLA, -   
2024,674,San Marino, -   
2024,678,Sao Tome And Principe, -   
2024,682,Saudi Arabia," 848,644,200 "
2024,686,Senegal ," 6,650,505 "
2024,688,Republic Of Serbia," 2,200 "
2024,690,Seychelles," 424,308 "
2024,694,Sierra Leone ," 733,679 "
2024,702,Singapore ," 105,243,206 "
2024,703,Slovakia ," 25,180 "
2024,704,Vietnam ," 49,566,913 "
2024,705,Slovania ," 6,447,381 "
2024,706,Somalia ," 68,290,265 "
2024,710,South Africa," 30,885,256 "
2024,716,Zimbabwe ," 52,455 "
2024,720,Yemen ," 117,580,907 "
2024,724,Spain ," 30,280,910 "
2024,728,South Sudan, -   
2024,736,Sudan ," 10,555,833 "
2024,740,Suriname, -   
2024,752,Sweden ," 3,766,257 "
2024,756,Switzerland ," 207,771 "
2024,760,Syria ," 508,012 "
2024,762,Tajikistan , -   
2024,764,Thailand ," 90,404,057 "
2024,768,Togo ," 1,262,276 "
2024,780,Trinidad And Tobago," 672,505 "
2024,784,United Arab Emirates," 1,046,099,885 "
2024,788,Tunisia ," 2,526,240 "
2024,792,Turkey ," 91,227,914 "
2024,795,Trukmenistan , -   
2024,798,Tuvalu , -   
2024,800,Uganda ," 1,768 "
2024,804,Ukrania ," 17,931 "
2024,807,Macedonia, -   
2024,818,Egypt ," 215,114,220 "
2024,826,United Kingdom," 29,564,189 "
2024,831,GUERNSEY, -   
2024,832,JERSEY, -   
2024,834,Tanzania ," 16,715,764 "
2024,840,United States," 407,206,831 "
2024,854,Burkina Faso, -   
2024,858,Uruguay ," 4,566,222 "
2024,860,Uzbakistan, 23 
2024,862,Venezuela ," 80,971 "
2024,882,Samoa," 11,157 "
2024,894,Zambia ," 66,231 "
2024,901,Taiwan ," 61,565,918 "
2024,999,Palestine ," 573,619 "
